warning: variable does not need to be mutable
   --> src/main.rs:240:9
    |
240 |     let mut flush_buffer = |buffer: &mut Vec<TextBlock>,
    |         ----^^^^^^^^^^^^
    |         |
    |         help: remove this `mut`
    |
    = note: `#[warn(unused_mut)]` (part of `#[warn(unused)]`) on by default

warning: function `char_boundary` is never used
   --> src/main.rs:471:4
    |
471 | fn char_boundary(s: &str, char_idx: usize) -> usize {
    |    ^^^^^^^^^^^^^
    |
    = note: `#[warn(dead_code)]` (part of `#[warn(unused)]`) on by default

warning: function `split` is never used
  --> src/chunk.rs:24:8
   |
24 | pub fn split(text: &str, _glossary: &Glossary, min_words: usize, max_words: usize) -> Vec<Chunk> {
   |        ^^^^^

warning: field `chunk_max_words` is never read
  --> src/config.rs:25:9
   |
 7 | pub struct Config {
   |            ------ field in this struct
...
25 |     pub chunk_max_words: usize,
   |         ^^^^^^^^^^^^^^^
   |
   = note: `Config` has a derived impl for the trait `Debug`, but this is intentionally ignored during dead code analysis

warning: method `verify` is never used
  --> src/glossary.rs:51:12
   |
15 | impl Glossary {
   | ------------- method in this implementation
...
51 |     pub fn verify(&self, translated_text: &str) -> Vec<String> {
   |            ^^^^^^

warning: field `done` is never read
  --> src/translate.rs:13:5
   |
 9 | struct OllamaResponse {
   |        -------------- field in this struct
...
13 |     done: bool,
   |     ^^^^
   |
   = note: `OllamaResponse` has a derived impl for the trait `Debug`, but this is intentionally ignored during dead code analysis

warning: `translate` (bin "translate") generated 6 warnings (run `cargo fix --bin "translate" -p translate` to apply 1 suggestion)
    Finished `dev` profile [unoptimized + debuginfo] target(s) in 0.17s
     Running `target/debug/translate --all`
=== Rust Book → Gujarati Translation Pipeline ===
Config:     ../config.json
Source:     ../../book/src
Output:     ../translations/gu/src
Model:      gemma3:12b
Glossary:   0 terms

112 file(s) to translate:
  ../../book/src/SUMMARY.md
  ../../book/src/appendix-00.md
  ../../book/src/appendix-01-keywords.md
  ../../book/src/appendix-02-operators.md
  ../../book/src/appendix-03-derivable-traits.md
  ../../book/src/appendix-04-useful-development-tools.md
  ../../book/src/appendix-05-editions.md
  ../../book/src/appendix-06-translation.md
  ../../book/src/appendix-07-nightly-rust.md
  ../../book/src/ch00-00-introduction.md
  ../../book/src/ch01-00-getting-started.md
  ../../book/src/ch01-01-installation.md
  ../../book/src/ch01-02-hello-world.md
  ../../book/src/ch01-03-hello-cargo.md
  ../../book/src/ch02-00-guessing-game-tutorial.md
  ../../book/src/ch03-00-common-programming-concepts.md
  ../../book/src/ch03-01-variables-and-mutability.md
  ../../book/src/ch03-02-data-types.md
  ../../book/src/ch03-03-how-functions-work.md
  ../../book/src/ch03-04-comments.md
  ../../book/src/ch03-05-control-flow.md
  ../../book/src/ch04-00-understanding-ownership.md
  ../../book/src/ch04-01-what-is-ownership.md
  ../../book/src/ch04-02-references-and-borrowing.md
  ../../book/src/ch04-03-slices.md
  ../../book/src/ch05-00-structs.md
  ../../book/src/ch05-01-defining-structs.md
  ../../book/src/ch05-02-example-structs.md
  ../../book/src/ch05-03-method-syntax.md
  ../../book/src/ch06-00-enums.md
  ../../book/src/ch06-01-defining-an-enum.md
  ../../book/src/ch06-02-match.md
  ../../book/src/ch06-03-if-let.md
  ../../book/src/ch07-00-managing-growing-projects-with-packages-crates-and-modules.md
  ../../book/src/ch07-01-packages-and-crates.md
  ../../book/src/ch07-02-defining-modules-to-control-scope-and-privacy.md
  ../../book/src/ch07-03-paths-for-referring-to-an-item-in-the-module-tree.md
  ../../book/src/ch07-04-bringing-paths-into-scope-with-the-use-keyword.md
  ../../book/src/ch07-05-separating-modules-into-different-files.md
  ../../book/src/ch08-00-common-collections.md
  ../../book/src/ch08-01-vectors.md
  ../../book/src/ch08-02-strings.md
  ../../book/src/ch08-03-hash-maps.md
  ../../book/src/ch09-00-error-handling.md
  ../../book/src/ch09-01-unrecoverable-errors-with-panic.md
  ../../book/src/ch09-02-recoverable-errors-with-result.md
  ../../book/src/ch09-03-to-panic-or-not-to-panic.md
  ../../book/src/ch10-00-generics.md
  ../../book/src/ch10-01-syntax.md
  ../../book/src/ch10-02-traits.md
  ../../book/src/ch10-03-lifetime-syntax.md
  ../../book/src/ch11-00-testing.md
  ../../book/src/ch11-01-writing-tests.md
  ../../book/src/ch11-02-running-tests.md
  ../../book/src/ch11-03-test-organization.md
  ../../book/src/ch12-00-an-io-project.md
  ../../book/src/ch12-01-accepting-command-line-arguments.md
  ../../book/src/ch12-02-reading-a-file.md
  ../../book/src/ch12-03-improving-error-handling-and-modularity.md
  ../../book/src/ch12-04-testing-the-librarys-functionality.md
  ../../book/src/ch12-05-working-with-environment-variables.md
  ../../book/src/ch12-06-writing-to-stderr-instead-of-stdout.md
  ../../book/src/ch13-00-functional-features.md
  ../../book/src/ch13-01-closures.md
  ../../book/src/ch13-02-iterators.md
  ../../book/src/ch13-03-improving-our-io-project.md
  ../../book/src/ch13-04-performance.md
  ../../book/src/ch14-00-more-about-cargo.md
  ../../book/src/ch14-01-release-profiles.md
  ../../book/src/ch14-02-publishing-to-crates-io.md
  ../../book/src/ch14-03-cargo-workspaces.md
  ../../book/src/ch14-04-installing-binaries.md
  ../../book/src/ch14-05-extending-cargo.md
  ../../book/src/ch15-00-smart-pointers.md
  ../../book/src/ch15-01-box.md
  ../../book/src/ch15-02-deref.md
  ../../book/src/ch15-03-drop.md
  ../../book/src/ch15-04-rc.md
  ../../book/src/ch15-05-interior-mutability.md
  ../../book/src/ch15-06-reference-cycles.md
  ../../book/src/ch16-00-concurrency.md
  ../../book/src/ch16-01-threads.md
  ../../book/src/ch16-02-message-passing.md
  ../../book/src/ch16-03-shared-state.md
  ../../book/src/ch16-04-extensible-concurrency-sync-and-send.md
  ../../book/src/ch17-00-async-await.md
  ../../book/src/ch17-01-futures-and-syntax.md
  ../../book/src/ch17-02-concurrency-with-async.md
  ../../book/src/ch17-03-more-futures.md
  ../../book/src/ch17-04-streams.md
  ../../book/src/ch17-05-traits-for-async.md
  ../../book/src/ch17-06-futures-tasks-threads.md
  ../../book/src/ch18-00-oop.md
  ../../book/src/ch18-01-what-is-oo.md
  ../../book/src/ch18-02-trait-objects.md
  ../../book/src/ch18-03-oo-design-patterns.md
  ../../book/src/ch19-00-patterns.md
  ../../book/src/ch19-01-all-the-places-for-patterns.md
  ../../book/src/ch19-02-refutability.md
  ../../book/src/ch19-03-pattern-syntax.md
  ../../book/src/ch20-00-advanced-features.md
  ../../book/src/ch20-01-unsafe-rust.md
  ../../book/src/ch20-02-advanced-traits.md
  ../../book/src/ch20-03-advanced-types.md
  ../../book/src/ch20-04-advanced-functions-and-closures.md
  ../../book/src/ch20-05-macros.md
  ../../book/src/ch21-00-final-project-a-web-server.md
  ../../book/src/ch21-01-single-threaded.md
  ../../book/src/ch21-02-multithreaded.md
  ../../book/src/ch21-03-graceful-shutdown-and-cleanup.md
  ../../book/src/foreword.md
  ../../book/src/title-page.md

--- SUMMARY.md
  Group 1 (6 paras, ~17 words)... OK (286 chars)
  Group 2 (7 paras, ~16 words)... OK (364 chars)
  Group 3 (4 paras, ~11 words)... OK (179 chars)
  Group 4 (4 paras, ~16 words)... OK (308 chars)
  Group 5 (4 paras, ~20 words)... OK (295 chars)
  Group 6 (6 paras, ~36 words)... OK (601 chars)
  Group 7 (4 paras, ~22 words)... OK (425 chars)
  Group 8 (4 paras, ~16 words)... OK (354 chars)
  Group 9 (4 paras, ~17 words)... OK (391 chars)
  Group 10 (4 paras, ~14 words)... OK (281 chars)
  Group 11 (7 paras, ~37 words)... OK (692 chars)
  Group 12 (5 paras, ~23 words)... OK (490 chars)
  Group 13 (6 paras, ~27 words)... OK (570 chars)
  Group 14 (7 paras, ~43 words)... OK (745 chars)
  Group 15 (5 paras, ~23 words)... OK (442 chars)
  Group 16 (7 paras, ~40 words)... OK (715 chars)
  Group 17 (4 paras, ~21 words)... OK (442 chars)
  Group 18 (4 paras, ~20 words)... OK (394 chars)
  Group 19 (6 paras, ~13 words)... OK (190 chars)
  Group 20 (4 paras, ~21 words)... OK (373 chars)
  Group 21 (8 paras, ~36 words)... OK (457 chars)
  Saved: ../translations/gu/src/SUMMARY.md

--- appendix-00.md
  Group 22 (2 paras, ~15 words)... OK (251 chars)
  Saved: ../translations/gu/src/appendix-00.md

--- appendix-01-keywords.md
  Group 23 (2 paras, ~60 words)... OK (953 chars)
  Group 24 (8 paras, ~82 words)... OK (1143 chars)
  Group 25 (9 paras, ~86 words)... OK (1069 chars)
  Group 26 (12 paras, ~92 words)... OK (1305 chars)
  Group 27 (10 paras, ~81 words)... OK (1160 chars)
  Group 28 (2 paras, ~19 words)... OK (276 chars)
  Group 29 (16 paras, ~37 words)... OK (527 chars)
  Group 30 (4 paras, ~52 words)... OK (827 chars)
  Group 31 (1 paras, ~4 words)... OK (43 chars)
  Group 32 (2 paras, ~33 words)... OK (451 chars)
  Group 33 (2 paras, ~164 words)... OK (2095 chars)
  Saved: ../translations/gu/src/appendix-01-keywords.md

--- appendix-02-operators.md
  Group 34 (2 paras, ~37 words)... OK (601 chars)
  Group 35 (4 paras, ~797 words)... OK (2943 chars)
  Group 36 (5 paras, ~196 words)... OK (3285 chars)
  Group 37 (3 paras, ~166 words)... OK (2733 chars)
  Group 38 (3 paras, ~135 words)... OK (2804 chars)
  Group 39 (3 paras, ~128 words)... OK (2425 chars)
  Group 40 (4 paras, ~82 words)... OK (1251 chars)
  Group 41 (5 paras, ~145 words)... OK (2366 chars)
  Group 42 (6 paras, ~134 words)... OK (2182 chars)
  Saved: ../translations/gu/src/appendix-02-operators.md

--- appendix-03-derivable-traits.md
  Group 43 (4 paras, ~83 words)... OK (1068 chars)
  Group 44 (4 paras, ~38 words)... OK (803 chars)
  Group 45 (2 paras, ~83 words)... OK (1327 chars)
  Group 46 (2 paras, ~131 words)... OK (1902 chars)
  Group 47 (4 paras, ~96 words)... OK (1409 chars)
  Group 48 (3 paras, ~81 words)... OK (1171 chars)
  Group 49 (2 paras, ~108 words)... OK (1493 chars)
  Group 50 (1 paras, ~27 words)... OK (273 chars)
  Group 51 (3 paras, ~116 words)... OK (1507 chars)
  Group 52 (3 paras, ~162 words)... OK (2275 chars)
  Group 53 (1 paras, ~29 words)... OK (346 chars)
  Group 54 (3 paras, ~92 words)... OK (1324 chars)
  Group 55 (2 paras, ~92 words)... OK (1468 chars)
  Group 56 (2 paras, ~81 words)... OK (1138 chars)
  Group 57 (2 paras, ~51 words)... OK (734 chars)
  Group 58 (2 paras, ~80 words)... OK (911 chars)
  Group 59 (1 paras, ~19 words)... OK (291 chars)
  Group 60 (3 paras, ~112 words)... OK (1577 chars)
  Group 61 (1 paras, ~40 words)... OK (546 chars)
  Saved: ../translations/gu/src/appendix-03-derivable-traits.md

--- appendix-04-useful-development-tools.md
  Group 62 (2 paras, ~37 words)... OK (551 chars)
  Group 63 (3 paras, ~92 words)... OK (1511 chars)
  Group 64 (1 paras, ~33 words)... OK (458 chars)
  Group 65 (3 paras, ~46 words)... OK (701 chars)
  Group 66 (1 paras, ~19 words)... OK (376 chars)
  Group 67 (1 paras, ~26 words)... OK (328 chars)
  Group 68 (2 paras, ~17 words)... OK (263 chars)
  Group 69 (2 paras, ~35 words)... OK (467 chars)
  Group 70 (3 paras, ~46 words)... OK (683 chars)
  Group 71 (1 paras, ~22 words)... OK (312 chars)
  Group 72 (1 paras, ~10 words)... OK (110 chars)
  Group 73 (2 paras, ~52 words)... OK (694 chars)
  Group 74 (1 paras, ~9 words)... OK (118 chars)
  Group 75 (3 paras, ~94 words)... OK (1423 chars)
  Saved: ../translations/gu/src/appendix-04-useful-development-tools.md

--- appendix-05-editions.md
  Group 76 (3 paras, ~99 words)... OK (1278 chars)
  Group 77 (4 paras, ~85 words)... OK (1722 chars)
  Group 78 (1 paras, ~17 words)... OK (244 chars)
  Group 79 (3 paras, ~115 words)... OK (1688 chars)
  Group 80 (2 paras, ~140 words)... OK (2955 chars)
  Group 81 (1 paras, ~36 words)... OK (489 chars)
  Saved: ../translations/gu/src/appendix-05-editions.md

--- appendix-06-translation.md
  Group 82 (27 paras, ~72 words)... OK (1107 chars)
  Saved: ../translations/gu/src/appendix-06-translation.md

--- appendix-07-nightly-rust.md
  Group 83 (2 paras, ~27 words)... OK (397 chars)
  Group 84 (3 paras, ~117 words)... OK (1538 chars)
  Group 85 (5 paras, ~58 words)... OK (733 chars)
  Group 86 (2 paras, ~117 words)... OK (1777 chars)
  Group 87 (1 paras, ~31 words)... OK (394 chars)
  Group 88 (1 paras, ~33 words)... OK (546 chars)
  Group 89 (1 paras, ~56 words)... OK (826 chars)
  Group 90 (1 paras, ~23 words)... OK (333 chars)
  Group 91 (1 paras, ~48 words)... OK (532 chars)
  Group 92 (2 paras, ~117 words)... OK (1508 chars)
  Group 93 (1 paras, ~69 words)... OK (933 chars)
  Group 94 (2 paras, ~36 words)... OK (621 chars)
  Group 95 (2 paras, ~89 words)... OK (1302 chars)
  Group 96 (2 paras, ~110 words)... OK (1781 chars)
  Group 97 (2 paras, ~37 words)... OK (602 chars)
  Group 98 (1 paras, ~30 words)... OK (383 chars)
  Group 99 (1 paras, ~71 words)... OK (1019 chars)
  Group 100 (1 paras, ~41 words)... OK (521 chars)
  Group 101 (3 paras, ~119 words)... OK (1648 chars)
  Group 102 (2 paras, ~134 words)... OK (1726 chars)
  Saved: ../translations/gu/src/appendix-07-nightly-rust.md

--- ch00-00-introduction.md
  Group 103 (3 paras, ~98 words)... OK (1571 chars)
  Group 104 (2 paras, ~25 words)... OK (268 chars)
  Group 105 (2 paras, ~93 words)... OK (1599 chars)
  Group 106 (4 paras, ~60 words)... OK (1082 chars)
  Group 107 (1 paras, ~18 words)... OK (239 chars)
  Group 108 (2 paras, ~62 words)... OK (978 chars)
  Group 109 (2 paras, ~51 words)... OK (905 chars)
  Group 110 (2 paras, ~30 words)... OK (451 chars)
  Group 111 (2 paras, ~98 words)... OK (1389 chars)
  Group 112 (1 paras, ~56 words)... OK (876 chars)
  Group 113 (2 paras, ~82 words)... OK (1139 chars)
  Group 114 (3 paras, ~102 words)... OK (1725 chars)
  Group 115 (1 paras, ~141 words)... OK (1881 chars)
  Group 116 (2 paras, ~91 words)... OK (1182 chars)
  Group 117 (1 paras, ~83 words)... OK (1315 chars)
  Group 118 (2 paras, ~105 words)... OK (1774 chars)
  Group 119 (3 paras, ~152 words)... OK (2306 chars)
  Group 120 (2 paras, ~149 words)... OK (1909 chars)
  Group 121 (2 paras, ~51 words)... OK (907 chars)
  Group 122 (2 paras, ~17 words)... OK (208 chars)
  Saved: ../translations/gu/src/ch00-00-introduction.md

--- ch01-00-getting-started.md
  Group 123 (5 paras, ~45 words)... OK (648 chars)
  Saved: ../translations/gu/src/ch01-00-getting-started.md

--- ch01-01-installation.md
  Group 124 (4 paras, ~127 words)... OK (2002 chars)
  Group 125 (2 paras, ~76 words)... OK (985 chars)
  Group 126 (2 paras, ~20 words)... OK (304 chars)
  Group 127 (1 paras, ~38 words)... OK (540 chars)
  Group 128 (2 paras, ~77 words)... OK (1064 chars)
  Group 129 (1 paras, ~25 words)... OK (425 chars)
  Group 130 (3 paras, ~76 words)... OK (1200 chars)
  Group 131 (2 paras, ~16 words)... OK (278 chars)
  Group 132 (1 paras, ~24 words)... OK (256 chars)
  Group 133 (2 paras, ~31 words)... OK (397 chars)
  Group 134 (1 paras, ~3 words)... OK (59 chars)
  Group 135 (1 paras, ~5 words)... OK (84 chars)
  Group 136 (1 paras, ~40 words)... OK (434 chars)
  Group 137 (2 paras, ~26 words)... OK (428 chars)
  Group 138 (1 paras, ~14 words)... OK (227 chars)
  Group 139 (3 paras, ~68 words)... OK (977 chars)
  Group 140 (2 paras, ~64 words)... OK (805 chars)
  Group 141 (2 paras, ~68 words)... OK (926 chars)
  Group 142 (1 paras, ~66 words)... OK (848 chars)
  Saved: ../translations/gu/src/ch01-01-installation.md

--- ch01-02-hello-world.md
  Group 143 (3 paras, ~122 words)... OK (1619 chars)
  Group 144 (4 paras, ~82 words)... OK (1205 chars)
  Group 145 (1 paras, ~5 words)... OK (70 chars)
  Group 146 (3 paras, ~65 words)... OK (847 chars)
  Group 147 (1 paras, ~28 words)... OK (405 chars)
  Group 148 (1 paras, ~10 words)... OK (105 chars)
  Group 149 (2 paras, ~53 words)... OK (1119 chars)
  Group 150 (2 paras, ~21 words)... OK (204 chars)
  Group 151 (2 paras, ~93 words)... OK (542 chars)
  Group 152 (2 paras, ~71 words)... OK (972 chars)
  Group 153 (2 paras, ~106 words)... OK (1463 chars)
  Group 154 (2 paras, ~60 words)... OK (774 chars)
  Group 155 (3 paras, ~47 words)... OK (708 chars)
  Group 156 (2 paras, ~47 words)... OK (601 chars)
  Group 157 (1 paras, ~33 words)... OK (350 chars)
  Group 158 (1 paras, ~47 words)... OK (647 chars)
  Group 159 (2 paras, ~119 words)... OK (2410 chars)
  Group 160 (1 paras, ~45 words)... OK (690 chars)
  Saved: ../translations/gu/src/ch01-02-hello-world.md

--- ch01-03-hello-cargo.md
  Group 161 (3 paras, ~119 words)... OK (1826 chars)
  Group 162 (1 paras, ~56 words)... OK (951 chars)
  Group 163 (1 paras, ~36 words)... OK (438 chars)
  Group 164 (2 paras, ~46 words)... OK (772 chars)
  Group 165 (3 paras, ~103 words)... OK (1868 chars)
  Group 166 (2 paras, ~57 words)... OK (741 chars)
  Group 167 (3 paras, ~84 words)... OK (1138 chars)
  Group 168 (3 paras, ~66 words)... OK (1132 chars)
  Group 169 (2 paras, ~101 words)... OK (1592 chars)
  Group 170 (1 paras, ~63 words)... OK (597 chars)
  Group 171 (2 paras, ~35 words)... OK (471 chars)
  Group 172 (1 paras, ~44 words)... OK (712 chars)
  Group 173 (2 paras, ~107 words)... OK (1391 chars)
  Group 174 (2 paras, ~85 words)... OK (1127 chars)
  Group 175 (1 paras, ~25 words)... OK (430 chars)
  Group 176 (1 paras, ~83 words)... OK (1332 chars)
  Group 177 (6 paras, ~80 words)... OK (1221 chars)
  Group 178 (1 paras, ~37 words)... OK (540 chars)
  Group 179 (2 paras, ~122 words)... OK (1961 chars)
  Group 180 (3 paras, ~101 words)... OK (1634 chars)
  Group 181 (1 paras, ~10 words)... OK (121 chars)
  Group 182 (7 paras, ~60 words)... OK (830 chars)
  Group 183 (1 paras, ~53 words)... OK (797 chars)
  Saved: ../translations/gu/src/ch01-03-hello-cargo.md

--- ch02-00-guessing-game-tutorial.md
  Group 184 (3 paras, ~136 words)... OK (1901 chars)
  Group 185 (2 paras, ~31 words)... OK (463 chars)
  Group 186 (2 paras, ~34 words)... OK (403 chars)
  Group 187 (1 paras, ~2 words)... OK (2381 chars)
  Group 188 (2 paras, ~22 words)... OK (275 chars)
  Group 189 (1 paras, ~19 words)... OK (229 chars)
  Group 190 (2 paras, ~45 words)... OK (505 chars)
  Group 191 (2 paras, ~48 words)... OK (763 chars)
  Group 192 (1 paras, ~48 words)... OK (697 chars)
  Group 193 (2 paras, ~85 words)... OK (1376 chars)
  Group 194 (1 paras, ~16 words)... OK (183 chars)
  Group 195 (2 paras, ~46 words)... OK (578 chars)
  Group 196 (1 paras, ~17 words)... OK (206 chars)
  Group 197 (2 paras, ~16 words)... OK (271 chars)
  Group 198 (1 paras, ~27 words)... OK (369 chars)
  Group 199 (1 paras, ~63 words)... OK (819 chars)
  Group 200 (2 paras, ~121 words)... OK (1594 chars)
  Group 201 (2 paras, ~94 words)... OK (1142 chars)
  Group 202 (2 paras, ~42 words)... OK (617 chars)
  Group 203 (2 paras, ~145 words)... OK (1904 chars)
  Group 204 (1 paras, ~109 words)... OK (1312 chars)
  Group 205 (2 paras, ~40 words)... OK (515 chars)
  Group 206 (1 paras, ~7 words)... OK (67 chars)
  Group 207 (2 paras, ~100 words)... OK (1503 chars)
  Group 208 (3 paras, ~185 words)... OK (2357 chars)
  Group 209 (1 paras, ~15 words)... OK (205 chars)
  Group 210 (2 paras, ~66 words)... OK (943 chars)
  Group 211 (2 paras, ~23 words)... OK (301 chars)
  Group 212 (1 paras, ~106 words)... OK (1229 chars)
  Group 213 (1 paras, ~14 words)... OK (59 chars)
  Group 214 (2 paras, ~19 words)... OK (240 chars)
  Group 215 (1 paras, ~21 words)... OK (261 chars)
  Group 216 (2 paras, ~77 words)... OK (1062 chars)
  Group 217 (3 paras, ~136 words)... OK (1909 chars)
  Group 218 (1 paras, ~2 words)... OK (2381 chars)
  Group 219 (1 paras, ~93 words)... OK (1341 chars)
  Group 220 (2 paras, ~68 words)... OK (868 chars)
  Group 221 (2 paras, ~82 words)... OK (1106 chars)
  Group 222 (2 paras, ~122 words)... OK (1852 chars)
  Group 223 (1 paras, ~24 words)... OK (315 chars)
  Group 224 (1 paras, ~36 words)... OK (622 chars)
  Group 225 (2 paras, ~98 words)... OK (1475 chars)
  Group 226 (1 paras, ~114 words)... OK (1841 chars)
  Group 227 (2 paras, ~92 words)... OK (1100 chars)
  Group 228 (1 paras, ~71 words)... OK (892 chars)
  Group 229 (2 paras, ~80 words)... OK (1484 chars)
  Group 230 (2 paras, ~27 words)... OK (419 chars)
  Group 231 (2 paras, ~166 words)... OK (2284 chars)
  Group 232 (1 paras, ~82 words)... OK (1015 chars)
  Group 233 (2 paras, ~54 words)... OK (626 chars)
  Group 234 (1 paras, ~18 words)... OK (212 chars)
  Group 235 (2 paras, ~40 words)... OK (579 chars)
  Group 236 (2 paras, ~144 words)... OK (1932 chars)
  Group 237 (1 paras, ~93 words)... OK (1264 chars)
  Group 238 (2 paras, ~142 words)... OK (1773 chars)
  Group 239 (1 paras, ~12 words)... OK (176 chars)
  Group 240 (1 paras, ~144 words)... OK (1743 chars)
  Group 241 (2 paras, ~41 words)... OK (614 chars)
  Group 242 (1 paras, ~3 words)... OK (74 chars)
  Group 243 (1 paras, ~95 words)... OK (1225 chars)
  Group 244 (1 paras, ~132 words)... OK (1711 chars)
  Group 245 (1 paras, ~90 words)... OK (1330 chars)
  Group 246 (2 paras, ~180 words)... OK (2263 chars)
  Group 247 (1 paras, ~5 words)... OK (74 chars)
  Group 248 (2 paras, ~77 words)... OK (1076 chars)
  Group 249 (3 paras, ~27 words)... OK (432 chars)
  Group 250 (2 paras, ~123 words)... OK (1716 chars)
  Group 251 (1 paras, ~37 words)... OK (717 chars)
  Group 252 (3 paras, ~22 words)... OK (350 chars)
  Group 253 (1 paras, ~39 words)... OK (584 chars)
  Group 254 (2 paras, ~58 words)... OK (869 chars)
  Group 255 (2 paras, ~126 words)... OK (2289 chars)
  Group 256 (1 paras, ~118 words)... OK (1497 chars)
  Group 257 (1 paras, ~12 words)... OK (196 chars)
  Group 258 (1 paras, ~47 words)... OK (717 chars)
  Group 259 (1 paras, ~10 words)... OK (161 chars)
  Group 260 (2 paras, ~91 words)... OK (1418 chars)
  Saved: ../translations/gu/src/ch02-00-guessing-game-tutorial.md

--- ch03-00-common-programming-concepts.md
  Group 261 (3 paras, ~91 words)... OK (1538 chars)
  Group 262 (2 paras, ~94 words)... OK (1215 chars)
  Saved: ../translations/gu/src/ch03-00-common-programming-concepts.md

--- ch03-01-variables-and-mutability.md
  Group 263 (3 paras, ~113 words)... OK (1767 chars)
  Group 264 (2 paras, ~23 words)... OK (324 chars)
  Group 265 (1 paras, ~24 words)... OK (416 chars)
  Group 266 (3 paras, ~208 words)... OK (2863 chars)
  Group 267 (3 paras, ~76 words)... OK (921 chars)
  Group 268 (1 paras, ~9 words)... OK (179 chars)
  Group 269 (1 paras, ~41 words)... OK (553 chars)
  Group 270 (3 paras, ~98 words)... OK (1439 chars)
  Group 271 (3 paras, ~60 words)... OK (864 chars)
  Group 272 (1 paras, ~121 words)... OK (1638 chars)
  Group 273 (2 paras, ~113 words)... OK (1528 chars)
  Group 274 (2 paras, ~106 words)... OK (1378 chars)
  Group 275 (1 paras, ~2 words)... OK (1096 chars)
  Group 276 (1 paras, ~102 words)... OK (1284 chars)
  Group 277 (2 paras, ~122 words)... OK (1797 chars)
  Group 278 (1 paras, ~60 words)... OK (770 chars)
  Group 279 (1 paras, ~11 words)... OK (145 chars)
  Group 280 (1 paras, ~16 words)... OK (283 chars)
  Saved: ../translations/gu/src/ch03-01-variables-and-mutability.md

--- ch03-02-data-types.md
  Group 281 (3 paras, ~128 words)... OK (1787 chars)
  Group 282 (1 paras, ~37 words)... OK (550 chars)
  Group 283 (1 paras, ~9 words)... OK (150 chars)
  Group 284 (2 paras, ~37 words)... OK (616 chars)
  Group 285 (3 paras, ~84 words)... OK (1326 chars)
  Group 286 (2 paras, ~158 words)... OK (1965 chars)
  Group 287 (1 paras, ~80 words)... OK (824 chars)
  Group 288 (2 paras, ~105 words)... OK (1405 chars)
  Group 289 (3 paras, ~90 words)... OK (1164 chars)
  Group 290 (2 paras, ~100 words)... OK (1527 chars)
  Group 291 (1 paras, ~106 words)... OK (1429 chars)
  Group 292 (5 paras, ~74 words)... OK (1092 chars)
  Group 293 (4 paras, ~74 words)... OK (992 chars)
  Group 294 (1 paras, ~9 words)... OK (158 chars)
  Group 295 (3 paras, ~46 words)... OK (815 chars)
  Group 296 (1 paras, ~33 words)... OK (480 chars)
  Group 297 (3 paras, ~42 words)... OK (614 chars)
  Group 298 (1 paras, ~28 words)... OK (436 chars)
  Group 299 (3 paras, ~23 words)... OK (359 chars)
  Group 300 (1 paras, ~121 words)... OK (1886 chars)
  Group 301 (2 paras, ~20 words)... OK (352 chars)
  Group 302 (3 paras, ~84 words)... OK (1178 chars)
  Group 303 (1 paras, ~2 words)... OK (1096 chars)
  Group 304 (2 paras, ~40 words)... OK (580 chars)
  Group 305 (2 paras, ~92 words)... OK (1135 chars)
  Group 306 (1 paras, ~2 words)... OK (1096 chars)
  Group 307 (2 paras, ~75 words)... OK (1130 chars)
  Group 308 (4 paras, ~59 words)... OK (781 chars)
  Group 309 (1 paras, ~118 words)... OK (1619 chars)
  Group 310 (1 paras, ~50 words)... OK (588 chars)
  Group 311 (1 paras, ~27 words)... OK (340 chars)
  Group 312 (2 paras, ~56 words)... OK (701 chars)
  Group 313 (1 paras, ~38 words)... OK (316 chars)
  Group 314 (3 paras, ~36 words)... OK (435 chars)
  Group 315 (1 paras, ~38 words)... OK (376 chars)
  Group 316 (3 paras, ~49 words)... OK (656 chars)
  Group 317 (1 paras, ~60 words)... OK (592 chars)
  Group 318 (1 paras, ~99 words)... OK (1471 chars)
  Group 319 (1 paras, ~77 words)... OK (1393 chars)
  Saved: ../translations/gu/src/ch03-02-data-types.md

--- ch03-03-how-functions-work.md
  Group 320 (4 paras, ~78 words)... OK (1072 chars)
  Group 321 (2 paras, ~109 words)... OK (1719 chars)
  Group 322 (1 paras, ~27 words)... OK (434 chars)
  Group 323 (1 paras, ~30 words)... OK (588 chars)
  Group 324 (3 paras, ~85 words)... OK (1310 chars)
  Group 325 (1 paras, ~2 words)... OK (1096 chars)
  Group 326 (1 paras, ~10 words)... OK (173 chars)
  Group 327 (2 paras, ~109 words)... OK (1926 chars)
  Group 328 (2 paras, ~14 words)... OK (307 chars)
  Group 329 (2 paras, ~70 words)... OK (944 chars)
  Group 330 (1 paras, ~26 words)... OK (338 chars)
  Group 331 (3 paras, ~91 words)... OK (1299 chars)
  Group 332 (1 paras, ~6 words)... OK (165 chars)
  Group 333 (2 paras, ~38 words)... OK (447 chars)
  Group 334 (3 paras, ~54 words)... OK (712 chars)
  Group 335 (1 paras, ~12 words)... OK (185 chars)
  Group 336 (2 paras, ~166 words)... OK (1978 chars)
  Group 337 (1 paras, ~2 words)... OK (1096 chars)
  Group 338 (1 paras, ~2 words)... OK (35 chars)
  Group 339 (1 paras, ~90 words)... OK (1105 chars)
  Group 340 (2 paras, ~91 words)... OK (1210 chars)
  Group 341 (1 paras, ~2 words)... OK (1096 chars)
  Group 342 (1 paras, ~49 words)... OK (612 chars)
  Group 343 (1 paras, ~66 words)... OK (676 chars)
  Group 344 (3 paras, ~45 words)... OK (646 chars)
  Group 345 (2 paras, ~41 words)... OK (392 chars)
  Group 346 (1 paras, ~9 words)... OK (135 chars)
  Group 347 (1 paras, ~81 words)... OK (1174 chars)
  Saved: ../translations/gu/src/ch03-03-how-functions-work.md

--- ch03-04-comments.md
  Group 348 (3 paras, ~46 words)... OK (757 chars)
  Group 349 (1 paras, ~40 words)... OK (596 chars)
  Group 350 (2 paras, ~14 words)... OK (167 chars)
  Group 351 (2 paras, ~24 words)... OK (277 chars)
  Group 352 (1 paras, ~23 words)... OK (329 chars)
  Saved: ../translations/gu/src/ch03-04-comments.md

--- ch03-05-control-flow.md
  Group 353 (2 paras, ~56 words)... OK (677 chars)
  Group 354 (4 paras, ~68 words)... OK (959 chars)
  Group 355 (1 paras, ~89 words)... OK (1172 chars)
  Group 356 (2 paras, ~72 words)... OK (762 chars)
  Group 357 (1 paras, ~19 words)... OK (189 chars)
  Group 358 (1 paras, ~9 words)... OK (99 chars)
  Group 359 (2 paras, ~35 words)... OK (414 chars)
  Group 360 (1 paras, ~16 words)... OK (194 chars)
  Group 361 (2 paras, ~77 words)... OK (1058 chars)
  Group 362 (1 paras, ~12 words)... OK (110 chars)
  Group 363 (3 paras, ~25 words)... OK (351 chars)
  Group 364 (1 paras, ~18 words)... OK (250 chars)
  Group 365 (1 paras, ~86 words)... OK (975 chars)
  Group 366 (1 paras, ~37 words)... OK (544 chars)
  Group 367 (2 paras, ~34 words)... OK (394 chars)
  Group 368 (1 paras, ~24 words)... OK (294 chars)
  Group 369 (1 paras, ~89 words)... OK (1082 chars)
  Group 370 (1 paras, ~2 words)... OK (1096 chars)
  Group 371 (1 paras, ~34 words)... OK (483 chars)
  Group 372 (1 paras, ~108 words)... OK (1451 chars)
  Group 373 (3 paras, ~73 words)... OK (871 chars)
  Group 374 (4 paras, ~46 words)... OK (646 chars)
  Group 375 (1 paras, ~43 words)... OK (695 chars)
  Group 376 (3 paras, ~108 words)... OK (1455 chars)
  Group 377 (1 paras, ~33 words)... OK (457 chars)
  Group 378 (2 paras, ~90 words)... OK (1021 chars)
  Group 379 (1 paras, ~102 words)... OK (1242 chars)
  Group 380 (1 paras, ~21 words)... OK (365 chars)
  Group 381 (2 paras, ~70 words)... OK (933 chars)
  Group 382 (1 paras, ~55 words)... OK (632 chars)
  Group 383 (2 paras, ~119 words)... OK (1635 chars)
  Group 384 (1 paras, ~41 words)... OK (483 chars)
  Group 385 (2 paras, ~41 words)... OK (507 chars)
  Group 386 (1 paras, ~49 words)... OK (540 chars)
  Group 387 (2 paras, ~119 words)... OK (2182 chars)
  Group 388 (1 paras, ~31 words)... OK (372 chars)
  Group 389 (2 paras, ~113 words)... OK (1452 chars)
  Group 390 (1 paras, ~85 words)... OK (1513 chars)
  Group 391 (2 paras, ~27 words)... OK (320 chars)
  Group 392 (1 paras, ~8 words)... OK (78 chars)
  Group 393 (5 paras, ~72 words)... OK (1087 chars)
  Group 394 (1 paras, ~22 words)... OK (404 chars)
  Saved: ../translations/gu/src/ch03-05-control-flow.md

--- ch04-00-understanding-ownership.md
  Group 395 (2 paras, ~62 words)... OK (980 chars)
  Saved: ../translations/gu/src/ch04-00-understanding-ownership.md

--- ch04-01-what-is-ownership.md
  Group 396 (2 paras, ~105 words)... OK (1636 chars)
  Group 397 (2 paras, ~91 words)... OK (1173 chars)
  Group 398 (3 paras, ~228 words)... OK (3089 chars)
  Group 399 (1 paras, ~156 words)... OK (2158 chars)
  Group 400 (2 paras, ~203 words)... OK (2671 chars)
  Group 401 (2 paras, ~127 words)... OK (1782 chars)
  Group 402 (5 paras, ~54 words)... OK (709 chars)
  Group 403 (3 paras, ~92 words)... OK (1281 chars)
  Group 404 (1 paras, ~55 words)... OK (823 chars)
  Group 405 (3 paras, ~28 words)... OK (372 chars)
  Group 406 (1 paras, ~33 words)... OK (374 chars)
  Group 407 (2 paras, ~115 words)... OK (1502 chars)
  Group 408 (2 paras, ~162 words)... OK (2525 chars)
  Group 409 (2 paras, ~68 words)... OK (1251 chars)
  Group 410 (1 paras, ~24 words)... OK (436 chars)
  Group 411 (3 paras, ~113 words)...   HTTP request failed on attempt 1: error sending request for url (http://localhost:11434/api/generate)
  Retry 1/3 for chunk 411 after 2s...
OK (1641 chars)
  Group 412 (2 paras, ~29 words)... OK (442 chars)
  Group 413 (2 paras, ~144 words)... OK (1981 chars)
  Group 414 (1 paras, ~38 words)... OK (669 chars)
  Group 415 (2 paras, ~107 words)... OK (1505 chars)
  Group 416 (1 paras, ~53 words)... OK (665 chars)
  Group 417 (2 paras, ~27 words)... OK (489 chars)
  Group 418 (2 paras, ~77 words)... OK (871 chars)
  Group 419 (2 paras, ~110 words)... OK (1254 chars)
  Group 420 (3 paras, ~124 words)... OK (1713 chars)
  Group 421 (3 paras, ~91 words)... OK (991 chars)
  Group 422 (1 paras, ~93 words)... OK (1387 chars)
  Group 423 (1 paras, ~49 words)... OK (594 chars)
  Group 424 (1 paras, ~15 words)... OK (173 chars)
  Group 425 (2 paras, ~89 words)... OK (1044 chars)
  Group 426 (2 paras, ~58 words)... OK (815 chars)
  Group 427 (2 paras, ~52 words)... OK (825 chars)
  Group 428 (3 paras, ~113 words)... OK (1200 chars)
  Group 429 (3 paras, ~66 words)... OK (1007 chars)
  Group 430 (2 paras, ~53 words)... OK (696 chars)
  Group 431 (2 paras, ~25 words)... OK (407 chars)
  Group 432 (2 paras, ~112 words)... OK (1460 chars)
  Group 433 (2 paras, ~134 words)... OK (2039 chars)
  Group 434 (4 paras, ~86 words)... OK (1131 chars)
  Group 435 (2 paras, ~28 words)... OK (368 chars)
  Group 436 (2 paras, ~54 words)... OK (689 chars)
  Group 437 (1 paras, ~52 words)... OK (715 chars)
  Group 438 (2 paras, ~30 words)... OK (487 chars)
  Group 439 (2 paras, ~123 words)... OK (2355 chars)
  Group 440 (1 paras, ~15 words)... OK (239 chars)
  Group 441 (1 paras, ~33 words)... OK (447 chars)
  Saved: ../translations/gu/src/ch04-01-what-is-ownership.md

--- ch04-02-references-and-borrowing.md
  Group 442 (2 paras, ~109 words)... OK (1356 chars)
  Group 443 (1 paras, ~28 words)... OK (449 chars)
  Group 444 (3 paras, ~110 words)... OK (1609 chars)
  Group 445 (1 paras, ~10 words)... OK (103 chars)
  Group 446 (2 paras, ~67 words)... OK (922 chars)
  Group 447 (2 paras, ~105 words)... OK (1583 chars)
  Group 448 (1 paras, ~22 words)... OK (352 chars)
  Group 449 (1 paras, ~3 words)... OK (30 chars)
  Group 450 (1 paras, ~21 words)... OK (270 chars)
  Group 451 (2 paras, ~31 words)... OK (456 chars)
  Group 452 (2 paras, ~90 words)... OK (1232 chars)
  Group 453 (1 paras, ~3 words)... OK (30 chars)
  Group 454 (2 paras, ~137 words)... OK (1925 chars)
  Group 455 (3 paras, ~37 words)... OK (499 chars)
  Group 456 (2 paras, ~55 words)... OK (818 chars)
  Group 457 (1 paras, ~17 words)... OK (298 chars)
  Group 458 (1 paras, ~3 words)... OK (30 chars)
  Group 459 (3 paras, ~106 words)... OK (1537 chars)
  Group 460 (2 paras, ~109 words)... OK (2041 chars)
  Group 461 (2 paras, ~82 words)... OK (1141 chars)
  Group 462 (1 paras, ~17 words)... OK (315 chars)
  Group 463 (1 paras, ~3 words)... OK (30 chars)
  Group 464 (1 paras, ~41 words)... OK (579 chars)
  Group 465 (1 paras, ~16 words)... OK (200 chars)
  Group 466 (2 paras, ~57 words)... OK (746 chars)
  Group 467 (1 paras, ~13 words)... OK (251 chars)
  Group 468 (4 paras, ~33 words)... OK (559 chars)
  Group 469 (1 paras, ~10 words)... OK (130 chars)
  Saved: ../translations/gu/src/ch04-02-references-and-borrowing.md

--- ch04-03-slices.md
  Group 470 (3 paras, ~80 words)... OK (1025 chars)
  Group 471 (2 paras, ~57 words)... OK (870 chars)
  Group 472 (1 paras, ~87 words)... OK (1113 chars)
  Group 473 (1 paras, ~32 words)... OK (433 chars)
  Group 474 (1 paras, ~14 words)... OK (217 chars)
  Group 475 (2 paras, ~143 words)... OK (1885 chars)
  Group 476 (1 paras, ~40 words)... OK (517 chars)
  Group 477 (1 paras, ~82 words)... OK (973 chars)
  Group 478 (2 paras, ~117 words)... OK (1452 chars)
  Group 479 (2 paras, ~56 words)... OK (878 chars)
  Group 480 (2 paras, ~24 words)... OK (239 chars)
  Group 481 (1 paras, ~116 words)... OK (1312 chars)
  Group 482 (3 paras, ~46 words)... OK (632 chars)
  Group 483 (1 paras, ~26 words)... OK (293 chars)
  Group 484 (1 paras, ~18 words)... OK (227 chars)
  Group 485 (2 paras, ~58 words)... OK (834 chars)
  Group 486 (2 paras, ~97 words)... OK (1269 chars)
  Group 487 (1 paras, ~10 words)... OK (141 chars)
  Group 488 (1 paras, ~117 words)... OK (1581 chars)
  Group 489 (1 paras, ~4 words)... OK (67 chars)
  Group 490 (1 paras, ~105 words)... OK (1492 chars)
  Group 491 (2 paras, ~28 words)... OK (516 chars)
  Group 492 (1 paras, ~32 words)... OK (440 chars)
  Group 493 (2 paras, ~28 words)... OK (399 chars)
  Group 494 (1 paras, ~29 words)... OK (389 chars)
  Group 495 (2 paras, ~83 words)... OK (1089 chars)
  Group 496 (2 paras, ~23 words)... OK (359 chars)
  Group 497 (1 paras, ~27 words)... OK (336 chars)
  Group 498 (1 paras, ~53 words)... OK (623 chars)
  Group 499 (3 paras, ~109 words)... OK (1476 chars)
  Saved: ../translations/gu/src/ch04-03-slices.md

--- ch05-00-structs.md
  Group 500 (3 paras, ~136 words)... OK (2276 chars)
  Saved: ../translations/gu/src/ch05-00-structs.md

--- ch05-01-defining-structs.md
  Group 501 (2 paras, ~83 words)... OK (1147 chars)
  Group 502 (1 paras, ~63 words)... OK (1099 chars)
  Group 503 (1 paras, ~127 words)... OK (1714 chars)
  Group 504 (1 paras, ~62 words)... OK (972 chars)
  Group 505 (2 paras, ~80 words)... OK (1596 chars)
  Group 506 (1 paras, ~51 words)... OK (677 chars)
  Group 507 (2 paras, ~54 words)... OK (751 chars)
  Group 508 (1 paras, ~59 words)... OK (698 chars)
  Group 509 (3 paras, ~87 words)... OK (1144 chars)
  Group 510 (1 paras, ~41 words)... OK (687 chars)
  Group 511 (1 paras, ~85 words)... OK (961 chars)
  Group 512 (1 paras, ~136 words)... OK (1853 chars)
  Group 513 (2 paras, ~85 words)... OK (491 chars)
  Group 514 (1 paras, ~36 words)... OK (710 chars)
  Group 515 (1 paras, ~145 words)... OK (1928 chars)
  Group 516 (2 paras, ~84 words)... OK (1453 chars)
  Group 517 (1 paras, ~112 words)... OK (1701 chars)
  Group 518 (3 paras, ~134 words)... OK (1983 chars)
  Group 519 (1 paras, ~9 words)... OK (155 chars)
  Group 520 (1 paras, ~37 words)... OK (618 chars)
  Saved: ../translations/gu/src/ch05-01-defining-structs.md

--- ch05-02-example-structs.md
  Group 521 (3 paras, ~89 words)... OK (1391 chars)
  Group 522 (1 paras, ~8 words)... OK (81 chars)
  Group 523 (2 paras, ~44 words)... OK (576 chars)
  Group 524 (1 paras, ~67 words)... OK (929 chars)
  Group 525 (2 paras, ~14 words)... OK (291 chars)
  Group 526 (2 paras, ~140 words)... OK (1781 chars)
  Group 527 (2 paras, ~41 words)... OK (580 chars)
  Group 528 (2 paras, ~125 words)... OK (1739 chars)
  Group 529 (1 paras, ~98 words)... OK (1438 chars)
  Group 530 (2 paras, ~48 words)... OK (828 chars)
  Group 531 (1 paras, ~13 words)... OK (215 chars)
  Group 532 (1 paras, ~129 words)... OK (1961 chars)
  Group 533 (1 paras, ~11 words)... OK (163 chars)
  Group 534 (2 paras, ~76 words)... OK (945 chars)
  Group 535 (1 paras, ~9 words)... OK (130 chars)
  Group 536 (1 paras, ~43 words)... OK (622 chars)
  Group 537 (1 paras, ~17 words)... OK (264 chars)
  Group 538 (1 paras, ~65 words)... OK (938 chars)
  Group 539 (2 paras, ~113 words)... OK (1489 chars)
  Group 540 (1 paras, ~28 words)... OK (303 chars)
  Group 541 (1 paras, ~66 words)... OK (754 chars)
  Group 542 (1 paras, ~88 words)... OK (1076 chars)
  Group 543 (1 paras, ~84 words)... OK (1208 chars)
  Group 544 (1 paras, ~60 words)... OK (1096 chars)
  Saved: ../translations/gu/src/ch05-02-example-structs.md

--- ch05-03-method-syntax.md
  Group 545 (2 paras, ~89 words)... OK (1334 chars)
  Group 546 (2 paras, ~31 words)... OK (444 chars)
  Group 547 (1 paras, ~113 words)... OK (2218 chars)
  Group 548 (1 paras, ~129 words)... OK (1666 chars)
  Group 549 (1 paras, ~111 words)... OK (1452 chars)
  Group 550 (2 paras, ~103 words)... OK (1436 chars)
  Group 551 (2 paras, ~180 words)... OK (2588 chars)
  Group 552 (3 paras, ~95 words)... OK (1357 chars)
  Group 553 (1 paras, ~39 words)... OK (523 chars)
  Group 554 (1 paras, ~72 words)... OK (945 chars)
  Group 555 (2 paras, ~74 words)... OK (1053 chars)
  Group 556 (1 paras, ~28 words)... OK (241 chars)
  Group 557 (1 paras, ~168 words)... OK (2038 chars)
  Group 558 (1 paras, ~41 words)... OK (573 chars)
  Group 559 (3 paras, ~151 words)... OK (2190 chars)
  Group 560 (1 paras, ~2 words)... OK (1096 chars)
  Group 561 (2 paras, ~81 words)... OK (1098 chars)
  Group 562 (2 paras, ~34 words)... OK (433 chars)
  Group 563 (1 paras, ~38 words)... OK (594 chars)
  Group 564 (3 paras, ~93 words)... OK (1542 chars)
  Saved: ../translations/gu/src/ch05-03-method-syntax.md

--- ch06-00-enums.md
  Group 565 (2 paras, ~113 words)... OK (1610 chars)
  Saved: ../translations/gu/src/ch06-00-enums.md

--- ch06-01-defining-an-enum.md
  Group 566 (3 paras, ~156 words)... OK (2036 chars)
  Group 567 (2 paras, ~111 words)... OK (1539 chars)
  Group 568 (1 paras, ~15 words)... OK (227 chars)
  Group 569 (2 paras, ~16 words)... OK (179 chars)
  Group 570 (1 paras, ~52 words)... OK (658 chars)
  Group 571 (1 paras, ~9 words)... OK (136 chars)
  Group 572 (1 paras, ~61 words)... OK (857 chars)
  Group 573 (1 paras, ~106 words)... OK (1313 chars)
  Group 574 (1 paras, ~47 words)... OK (579 chars)
  Group 575 (1 paras, ~85 words)... OK (1028 chars)
  Group 576 (1 paras, ~74 words)... OK (1078 chars)
  Group 577 (1 paras, ~92 words)... OK (1459 chars)
  Group 578 (2 paras, ~91 words)... OK (1378 chars)
  Group 579 (1 paras, ~23 words)... OK (251 chars)
  Group 580 (5 paras, ~39 words)... OK (430 chars)
  Group 581 (1 paras, ~54 words)... OK (836 chars)
  Group 582 (2 paras, ~87 words)... OK (1065 chars)
  Group 583 (2 paras, ~66 words)... OK (1146 chars)
  Group 584 (3 paras, ~109 words)... OK (1646 chars)
  Group 585 (2 paras, ~80 words)... OK (1170 chars)
  Group 586 (1 paras, ~90 words)... OK (1278 chars)
  Group 587 (3 paras, ~123 words)... OK (1471 chars)
  Group 588 (2 paras, ~152 words)... OK (1931 chars)
  Group 589 (1 paras, ~80 words)... OK (1090 chars)
  Group 590 (2 paras, ~103 words)... OK (1343 chars)
  Group 591 (1 paras, ~13 words)... OK (130 chars)
  Group 592 (1 paras, ~100 words)... OK (1414 chars)
  Group 593 (2 paras, ~142 words)... OK (1964 chars)
  Group 594 (2 paras, ~178 words)... OK (2167 chars)
  Saved: ../translations/gu/src/ch06-01-defining-an-enum.md

--- ch06-02-match.md
  Group 595 (2 paras, ~88 words)... OK (1338 chars)
  Group 596 (2 paras, ~118 words)... OK (1527 chars)
  Group 597 (1 paras, ~82 words)... OK (1008 chars)
  Group 598 (2 paras, ~130 words)... OK (1758 chars)
  Group 599 (2 paras, ~114 words)... OK (2125 chars)
  Group 600 (3 paras, ~113 words)... OK (1405 chars)
  Group 601 (2 paras, ~104 words)... OK (1378 chars)
  Group 602 (1 paras, ~70 words)... OK (910 chars)
  Group 603 (3 paras, ~104 words)... OK (1295 chars)
  Group 604 (1 paras, ~17 words)... OK (179 chars)
  Group 605 (1 paras, ~37 words)... OK (460 chars)
  Group 606 (1 paras, ~16 words)... OK (190 chars)
  Group 607 (2 paras, ~84 words)... OK (996 chars)
  Group 608 (2 paras, ~96 words)... OK (1207 chars)
  Group 609 (2 paras, ~34 words)... OK (506 chars)
  Group 610 (1 paras, ~33 words)... OK (476 chars)
  Group 611 (1 paras, ~78 words)... OK (1170 chars)
  Group 612 (2 paras, ~120 words)... OK (1753 chars)
  Group 613 (2 paras, ~135 words)... OK (2619 chars)
  Group 614 (2 paras, ~107 words)... OK (1453 chars)
  Group 615 (2 paras, ~81 words)... OK (1044 chars)
  Group 616 (2 paras, ~73 words)... OK (920 chars)
  Saved: ../translations/gu/src/ch06-02-match.md

--- ch06-03-if-let.md
  Group 617 (2 paras, ~63 words)... OK (884 chars)
  Group 618 (2 paras, ~85 words)... OK (996 chars)
  Group 619 (1 paras, ~98 words)... OK (1127 chars)
  Group 620 (2 paras, ~87 words)... OK (1445 chars)
  Group 621 (1 paras, ~93 words)... OK (1012 chars)
  Group 622 (1 paras, ~12 words)... OK (155 chars)
  Group 623 (2 paras, ~69 words)... OK (853 chars)
  Group 624 (1 paras, ~27 words)... OK (399 chars)
  Group 625 (1 paras, ~81 words)... OK (982 chars)
  Group 626 (2 paras, ~112 words)... OK (1247 chars)
  Group 627 (1 paras, ~19 words)... OK (212 chars)
  Group 628 (2 paras, ~66 words)... OK (797 chars)
  Group 629 (3 paras, ~109 words)... OK (1699 chars)
  Group 630 (1 paras, ~30 words)... OK (424 chars)
  Saved: ../translations/gu/src/ch06-03-if-let.md

--- ch07-00-managing-growing-projects-with-packages-crates-and-modules.md
  Group 631 (3 paras, ~137 words)... OK (2462 chars)
  Group 632 (1 paras, ~84 words)... OK (1272 chars)
  Group 633 (1 paras, ~95 words)... OK (1315 chars)
  Group 634 (4 paras, ~84 words)... OK (1521 chars)
  Group 635 (1 paras, ~15 words)... OK (146 chars)
  Group 636 (1 paras, ~44 words)... OK (732 chars)
  Saved: ../translations/gu/src/ch07-00-managing-growing-projects-with-packages-crates-and-modules.md

--- ch07-01-packages-and-crates.md
  Group 637 (3 paras, ~96 words)... OK (1191 chars)
  Group 638 (2 paras, ~131 words)... OK (2202 chars)
  Group 639 (2 paras, ~120 words)... OK (1840 chars)
  Group 640 (2 paras, ~52 words)... OK (730 chars)
  Group 641 (1 paras, ~116 words)... OK (1478 chars)
  Group 642 (1 paras, ~67 words)... OK (924 chars)
  Saved: ../translations/gu/src/ch07-01-packages-and-crates.md

--- ch07-02-defining-modules-to-control-scope-and-privacy.md
  Group 643 (2 paras, ~58 words)... OK (827 chars)
  Group 644 (3 paras, ~105 words)... OK (1528 chars)
  Group 645 (3 paras, ~53 words)... OK (667 chars)
  Group 646 (3 paras, ~65 words)... OK (873 chars)
  Group 647 (2 paras, ~103 words)... OK (1547 chars)
  Group 648 (1 paras, ~57 words)... OK (789 chars)
  Group 649 (1 paras, ~24 words)... OK (386 chars)
  Group 650 (1 paras, ~13 words)... OK (161 chars)
  Group 651 (1 paras, ~19 words)... OK (225 chars)
  Group 652 (1 paras, ~15 words)... OK (263 chars)
  Group 653 (1 paras, ~14 words)... OK (163 chars)
  Group 654 (3 paras, ~114 words)... OK (1809 chars)
  Group 655 (2 paras, ~118 words)... OK (1611 chars)
  Group 656 (2 paras, ~132 words)... OK (2730 chars)
  Group 657 (2 paras, ~58 words)... OK (974 chars)
  Group 658 (1 paras, ~89 words)... OK (1259 chars)
  Group 659 (1 paras, ~48 words)... OK (870 chars)
  Saved: ../translations/gu/src/ch07-02-defining-modules-to-control-scope-and-privacy.md

--- ch07-03-paths-for-referring-to-an-item-in-the-module-tree.md
  Group 660 (4 paras, ~94 words)... OK (1094 chars)
  Group 661 (1 paras, ~21 words)... OK (275 chars)
  Group 662 (3 paras, ~101 words)... OK (2118 chars)
  Group 663 (1 paras, ~36 words)... OK (545 chars)
  Group 664 (1 paras, ~99 words)... OK (1573 chars)
  Group 665 (2 paras, ~197 words)... OK (2731 chars)
  Group 666 (1 paras, ~23 words)... OK (354 chars)
  Group 667 (2 paras, ~169 words)... OK (2642 chars)
  Group 668 (1 paras, ~66 words)... OK (776 chars)
  Group 669 (2 paras, ~57 words)... OK (775 chars)
  Group 670 (1 paras, ~16 words)... OK (237 chars)
  Group 671 (1 paras, ~104 words)... OK (1507 chars)
  Group 672 (2 paras, ~45 words)... OK (571 chars)
  Group 673 (2 paras, ~135 words)... OK (1916 chars)
  Group 674 (2 paras, ~158 words)... OK (2215 chars)
  Group 675 (2 paras, ~97 words)... OK (1439 chars)
  Group 676 (2 paras, ~100 words)... OK (1436 chars)
  Group 677 (2 paras, ~98 words)... OK (1398 chars)
  Group 678 (1 paras, ~54 words)... OK (802 chars)
  Group 679 (1 paras, ~99 words)... OK (1279 chars)
  Group 680 (2 paras, ~141 words)... OK (1740 chars)
  Group 681 (2 paras, ~114 words)... OK (1630 chars)
  Group 682 (1 paras, ~29 words)... OK (361 chars)
  Group 683 (2 paras, ~80 words)... OK (1149 chars)
  Group 684 (1 paras, ~38 words)... OK (540 chars)
  Saved: ../translations/gu/src/ch07-03-paths-for-referring-to-an-item-in-the-module-tree.md

--- ch07-04-bringing-paths-into-scope-with-the-use-keyword.md
  Group 685 (2 paras, ~84 words)... OK (1192 chars)
  Group 686 (1 paras, ~31 words)... OK (467 chars)
  Group 687 (2 paras, ~107 words)... OK (1329 chars)
  Group 688 (1 paras, ~14 words)... OK (296 chars)
  Group 689 (1 paras, ~42 words)... OK (493 chars)
  Group 690 (2 paras, ~46 words)... OK (658 chars)
  Group 691 (1 paras, ~85 words)... OK (1745 chars)
  Group 692 (1 paras, ~42 words)... OK (559 chars)
  Group 693 (2 paras, ~78 words)... OK (1015 chars)
  Group 694 (1 paras, ~45 words)... OK (699 chars)
  Group 695 (2 paras, ~69 words)... OK (846 chars)
  Group 696 (1 paras, ~44 words)... OK (507 chars)
  Group 697 (2 paras, ~80 words)... OK (1007 chars)
  Group 698 (1 paras, ~19 words)... OK (220 chars)
  Group 699 (2 paras, ~173 words)... OK (2384 chars)
  Group 700 (2 paras, ~36 words)... OK (620 chars)
  Group 701 (2 paras, ~83 words)... OK (1294 chars)
  Group 702 (2 paras, ~106 words)... OK (1504 chars)
  Group 703 (1 paras, ~16 words)... OK (195 chars)
  Group 704 (2 paras, ~60 words)...   HTTP request failed on attempt 1: error sending request for url (http://localhost:11434/api/generate)
  Retry 1/3 for chunk 704 after 2s...
OK (905 chars)
  Group 705 (1 paras, ~51 words)...   HTTP request failed on attempt 1: error sending request for url (http://localhost:11434/api/generate)
  Retry 1/3 for chunk 705 after 2s...
OK (695 chars)
  Group 706 (2 paras, ~74 words)... OK (1142 chars)
  Group 707 (1 paras, ~38 words)... OK (453 chars)
  Group 708 (1 paras, ~8 words)... OK (127 chars)
  Group 709 (2 paras, ~31 words)... OK (462 chars)
  Group 710 (1 paras, ~88 words)... OK (1356 chars)
  Group 711 (1 paras, ~53 words)... OK (833 chars)
  Saved: ../translations/gu/src/ch07-04-bringing-paths-into-scope-with-the-use-keyword.md

--- ch07-05-separating-modules-into-different-files.md
  Group 712 (3 paras, ~98 words)... OK (1411 chars)
  Group 713 (1 paras, ~51 words)... OK (690 chars)
  Group 714 (1 paras, ~46 words)... OK (515 chars)
  Group 715 (1 paras, ~100 words)... OK (1355 chars)
  Group 716 (2 paras, ~73 words)... OK (1052 chars)
  Group 717 (1 paras, ~19 words)... OK (279 chars)
  Group 718 (1 paras, ~60 words)... OK (837 chars)
  Group 719 (4 paras, ~55 words)... OK (758 chars)
  Group 720 (3 paras, ~31 words)... OK (536 chars)
  Group 721 (3 paras, ~126 words)... OK (1681 chars)
  Group 722 (1 paras, ~54 words)... OK (664 chars)
  Group 723 (2 paras, ~84 words)... OK (1205 chars)
  Group 724 (1 paras, ~24 words)... OK (365 chars)
  Saved: ../translations/gu/src/ch07-05-separating-modules-into-different-files.md

--- ch08-00-common-collections.md
  Group 725 (2 paras, ~113 words)... OK (1745 chars)
  Group 726 (3 paras, ~65 words)... OK (892 chars)
  Group 727 (2 paras, ~36 words)... OK (453 chars)
  Saved: ../translations/gu/src/ch08-00-common-collections.md

--- ch08-01-vectors.md
  Group 728 (2 paras, ~83 words)... OK (1170 chars)
  Group 729 (2 paras, ~20 words)... OK (284 chars)
  Group 730 (1 paras, ~103 words)... OK (1663 chars)
  Group 731 (1 paras, ~88 words)... OK (1609 chars)
  Group 732 (1 paras, ~32 words)... OK (446 chars)
  Group 733 (2 paras, ~24 words)... OK (346 chars)
  Group 734 (1 paras, ~54 words)... OK (750 chars)
  Group 735 (3 paras, ~63 words)... OK (787 chars)
  Group 736 (2 paras, ~131 words)... OK (1852 chars)
  Group 737 (2 paras, ~170 words)... OK (2455 chars)
  Group 738 (1 paras, ~98 words)... OK (1430 chars)
  Group 739 (1 paras, ~8 words)... OK (104 chars)
  Group 740 (1 paras, ~118 words)... OK (1369 chars)
  Group 741 (1 paras, ~15 words)... OK (163 chars)
  Group 742 (2 paras, ~59 words)... OK (639 chars)
  Group 743 (1 paras, ~35 words)... OK (434 chars)
  Group 744 (2 paras, ~121 words)... OK (1660 chars)
  Group 745 (3 paras, ~151 words)... OK (2212 chars)
  Group 746 (1 paras, ~105 words)... OK (1339 chars)
  Group 747 (2 paras, ~88 words)... OK (1228 chars)
  Group 748 (2 paras, ~26 words)... OK (418 chars)
  Group 749 (2 paras, ~52 words)... OK (794 chars)
  Saved: ../translations/gu/src/ch08-01-vectors.md

--- ch08-02-strings.md
  Group 750 (3 paras, ~159 words)... OK (2466 chars)
  Group 751 (3 paras, ~152 words)... OK (2368 chars)
  Group 752 (2 paras, ~64 words)... OK (850 chars)
  Group 753 (1 paras, ~58 words)... OK (770 chars)
  Group 754 (2 paras, ~41 words)... OK (446 chars)
  Group 755 (2 paras, ~79 words)... OK (1086 chars)
  Group 756 (1 paras, ~7 words)... OK (68 chars)
  Group 757 (2 paras, ~46 words)... OK (588 chars)
  Group 758 (2 paras, ~25 words)... OK (306 chars)
  Group 759 (1 paras, ~50 words)... OK (520 chars)
  Group 760 (2 paras, ~58 words)... OK (658 chars)
  Group 761 (1 paras, ~8 words)... OK (97 chars)
  Group 762 (2 paras, ~29 words)... OK (370 chars)
  Group 763 (1 paras, ~58 words)... OK (739 chars)
  Group 764 (2 paras, ~131 words)... OK (1979 chars)
  Group 765 (2 paras, ~181 words)... OK (2183 chars)
  Group 766 (1 paras, ~15 words)... OK (181 chars)
  Group 767 (1 paras, ~37 words)... OK (428 chars)
  Group 768 (1 paras, ~65 words)... OK (801 chars)
  Group 769 (2 paras, ~51 words)... OK (822 chars)
  Group 770 (1 paras, ~8 words)... OK (81 chars)
  Group 771 (1 paras, ~27 words)... OK (561 chars)
  Group 772 (2 paras, ~28 words)... OK (333 chars)
  Group 773 (1 paras, ~54 words)... OK (654 chars)
  Group 774 (1 paras, ~68 words)... OK (1043 chars)
  Group 775 (1 paras, ~118 words)... OK (1348 chars)
  Group 776 (1 paras, ~35 words)... OK (541 chars)
  Group 777 (3 paras, ~68 words)... OK (1013 chars)
  Group 778 (1 paras, ~32 words)... OK (479 chars)
  Group 779 (1 paras, ~48 words)... OK (521 chars)
  Group 780 (2 paras, ~95 words)... OK (1399 chars)
  Group 781 (3 paras, ~80 words)... OK (1216 chars)
  Group 782 (2 paras, ~70 words)... OK (788 chars)
  Group 783 (1 paras, ~17 words)... OK (283 chars)
  Group 784 (2 paras, ~57 words)... OK (824 chars)
  Group 785 (1 paras, ~6 words)... OK (56 chars)
  Group 786 (1 paras, ~15 words)... OK (199 chars)
  Group 787 (1 paras, ~12 words)... OK (118 chars)
  Group 788 (2 paras, ~53 words)... OK (772 chars)
  Group 789 (2 paras, ~91 words)... OK (1372 chars)
  Group 790 (2 paras, ~65 words)... OK (1316 chars)
  Saved: ../translations/gu/src/ch08-02-strings.md

--- ch08-03-hash-maps.md
  Group 791 (2 paras, ~89 words)... OK (1321 chars)
  Group 792 (2 paras, ~112 words)... OK (1575 chars)
  Group 793 (2 paras, ~57 words)... OK (636 chars)
  Group 794 (2 paras, ~111 words)... OK (1447 chars)
  Group 795 (2 paras, ~29 words)... OK (291 chars)
  Group 796 (2 paras, ~99 words)... OK (1087 chars)
  Group 797 (1 paras, ~10 words)... OK (109 chars)
  Group 798 (2 paras, ~50 words)... OK (645 chars)
  Group 799 (2 paras, ~78 words)... OK (1042 chars)
  Group 800 (3 paras, ~140 words)... OK (1809 chars)
  Group 801 (2 paras, ~65 words)... OK (795 chars)
  Group 802 (1 paras, ~15 words)... OK (123 chars)
  Group 803 (3 paras, ~155 words)... OK (1823 chars)
  Group 804 (2 paras, ~127 words)... OK (1541 chars)
  Group 805 (2 paras, ~89 words)... OK (1139 chars)
  Group 806 (2 paras, ~133 words)... OK (1675 chars)
  Group 807 (2 paras, ~127 words)... OK (1889 chars)
  Group 808 (4 paras, ~128 words)... OK (1724 chars)
  Group 809 (1 paras, ~58 words)... OK (892 chars)
  Group 810 (2 paras, ~45 words)... OK (755 chars)
  Saved: ../translations/gu/src/ch08-03-hash-maps.md

--- ch09-00-error-handling.md
  Group 811 (3 paras, ~138 words)... OK (2083 chars)
  Group 812 (1 paras, ~82 words)... OK (1399 chars)
  Saved: ../translations/gu/src/ch09-00-error-handling.md

--- ch09-01-unrecoverable-errors-with-panic.md
  Group 813 (2 paras, ~117 words)... OK (1538 chars)
  Group 814 (3 paras, ~139 words)... OK (1940 chars)
  Group 815 (1 paras, ~8 words)... OK (121 chars)
  Group 816 (1 paras, ~10 words)... OK (162 chars)
  Group 817 (2 paras, ~118 words)... OK (1781 chars)
  Group 818 (1 paras, ~88 words)... OK (1090 chars)
  Group 819 (2 paras, ~146 words)... OK (1922 chars)
  Group 820 (1 paras, ~35 words)... OK (476 chars)
  Group 821 (2 paras, ~166 words)... OK (2224 chars)
  Group 822 (2 paras, ~171 words)... OK (2187 chars)
  Group 823 (1 paras, ~45 words)... OK (528 chars)
  Saved: ../translations/gu/src/ch09-01-unrecoverable-errors-with-panic.md

--- ch09-02-recoverable-errors-with-result.md
  Group 824 (3 paras, ~90 words)... OK (1403 chars)
  Group 825 (1 paras, ~101 words)... OK (1375 chars)
  Group 826 (1 paras, ~23 words)... OK (332 chars)
  Group 827 (1 paras, ~134 words)... OK (1602 chars)
  Group 828 (2 paras, ~92 words)... OK (1812 chars)
  Group 829 (2 paras, ~83 words)... OK (756 chars)
  Group 830 (1 paras, ~52 words)... OK (726 chars)
  Group 831 (1 paras, ~11 words)... OK (166 chars)
  Group 832 (2 paras, ~93 words)... OK (1299 chars)
  Group 833 (1 paras, ~101 words)... OK (603 chars)
  Group 834 (1 paras, ~87 words)... OK (1106 chars)
  Group 835 (3 paras, ~85 words)... OK (1065 chars)
  Group 836 (1 paras, ~59 words)... OK (735 chars)
  Group 837 (2 paras, ~98 words)... OK (1203 chars)
  Group 838 (1 paras, ~23 words)... OK (276 chars)
  Group 839 (1 paras, ~43 words)... OK (611 chars)
  Group 840 (1 paras, ~55 words)... OK (578 chars)
  Group 841 (1 paras, ~40 words)... OK (588 chars)
  Group 842 (3 paras, ~115 words)... OK (1489 chars)
  Group 843 (1 paras, ~92 words)... OK (968 chars)
  Group 844 (1 paras, ~103 words)... OK (1202 chars)
  Group 845 (1 paras, ~97 words)... OK (1186 chars)
  Group 846 (1 paras, ~138 words)... OK (1852 chars)
  Group 847 (1 paras, ~104 words)... OK (1406 chars)
  Group 848 (1 paras, ~22 words)... OK (271 chars)
  Group 849 (2 paras, ~27 words)... OK (419 chars)
  Group 850 (1 paras, ~92 words)... OK (1047 chars)
  Group 851 (1 paras, ~109 words)... OK (1544 chars)
  Group 852 (2 paras, ~133 words)... OK (1567 chars)
  Group 853 (1 paras, ~35 words)... OK (478 chars)
  Group 854 (1 paras, ~95 words)... OK (1098 chars)
  Group 855 (1 paras, ~13 words)... OK (215 chars)
  Group 856 (1 paras, ~68 words)... OK (1276 chars)
  Group 857 (2 paras, ~99 words)... OK (1237 chars)
  Group 858 (1 paras, ~37 words)... OK (487 chars)
  Group 859 (1 paras, ~44 words)... OK (579 chars)
  Group 860 (2 paras, ~94 words)... OK (1142 chars)
  Group 861 (1 paras, ~121 words)... OK (1211 chars)
  Group 862 (1 paras, ~120 words)... OK (1371 chars)
  Group 863 (1 paras, ~145 words)... OK (1786 chars)
  Group 864 (2 paras, ~125 words)... OK (1523 chars)
  Group 865 (1 paras, ~44 words)... OK (468 chars)
  Group 866 (1 paras, ~110 words)... OK (1198 chars)
  Group 867 (2 paras, ~116 words)... OK (1911 chars)
  Group 868 (1 paras, ~30 words)... OK (394 chars)
  Saved: ../translations/gu/src/ch09-02-recoverable-errors-with-result.md

--- ch09-03-to-panic-or-not-to-panic.md
  Group 869 (2 paras, ~139 words)... OK (2022 chars)
  Group 870 (1 paras, ~63 words)... OK (1001 chars)
  Group 871 (3 paras, ~108 words)... OK (1712 chars)
  Group 872 (1 paras, ~44 words)... OK (632 chars)
  Group 873 (2 paras, ~113 words)... OK (1625 chars)
  Group 874 (1 paras, ~155 words)... OK (2157 chars)
  Group 875 (3 paras, ~88 words)... OK (1066 chars)
  Group 876 (2 paras, ~57 words)... OK (723 chars)
  Group 877 (1 paras, ~106 words)... OK (1506 chars)
  Group 878 (2 paras, ~242 words)... OK (3439 chars)
  Group 879 (1 paras, ~161 words)... OK (2327 chars)
  Group 880 (2 paras, ~139 words)... OK (1975 chars)
  Group 881 (1 paras, ~37 words)... OK (435 chars)
  Group 882 (2 paras, ~103 words)... OK (1529 chars)
  Group 883 (1 paras, ~81 words)... OK (1134 chars)
  Group 884 (2 paras, ~216 words)... OK (2786 chars)
  Group 885 (1 paras, ~122 words)... OK (1635 chars)
  Group 886 (1 paras, ~42 words)... OK (532 chars)
  Group 887 (2 paras, ~109 words)... OK (1678 chars)
  Group 888 (1 paras, ~33 words)... OK (522 chars)
  Saved: ../translations/gu/src/ch09-03-to-panic-or-not-to-panic.md

--- ch10-00-generics.md
  Group 889 (3 paras, ~143 words)... OK (2123 chars)
  Group 890 (2 paras, ~90 words)... OK (1493 chars)
  Group 891 (1 paras, ~52 words)... OK (784 chars)
  Group 892 (2 paras, ~95 words)... OK (1639 chars)
  Group 893 (1 paras, ~17 words)... OK (254 chars)
  Group 894 (1 paras, ~112 words)... OK (1336 chars)
  Group 895 (1 paras, ~45 words)... OK (553 chars)
  Group 896 (3 paras, ~127 words)... OK (1819 chars)
  Group 897 (4 paras, ~87 words)... OK (1208 chars)
  Group 898 (1 paras, ~12 words)... OK (150 chars)
  Group 899 (2 paras, ~79 words)... OK (1132 chars)
  Saved: ../translations/gu/src/ch10-00-generics.md

--- ch10-01-syntax.md
  Group 900 (2 paras, ~49 words)... OK (947 chars)
  Group 901 (3 paras, ~84 words)... OK (1138 chars)
  Group 902 (2 paras, ~125 words)... OK (1866 chars)
  Group 903 (1 paras, ~82 words)... OK (1198 chars)
  Group 904 (2 paras, ~92 words)... OK (1233 chars)
  Group 905 (1 paras, ~11 words)... OK (143 chars)
  Group 906 (1 paras, ~131 words)... OK (1794 chars)
  Group 907 (2 paras, ~39 words)... OK (661 chars)
  Group 908 (2 paras, ~118 words)... OK (1814 chars)
  Group 909 (1 paras, ~60 words)... OK (766 chars)
  Group 910 (1 paras, ~56 words)... OK (805 chars)
  Group 911 (1 paras, ~58 words)... OK (813 chars)
  Group 912 (2 paras, ~39 words)... OK (717 chars)
  Group 913 (2 paras, ~102 words)... OK (1271 chars)
  Group 914 (1 paras, ~118 words)... OK (1616 chars)
  Group 915 (1 paras, ~33 words)... OK (475 chars)
  Group 916 (2 paras, ~44 words)... OK (817 chars)
  Group 917 (2 paras, ~142 words)... OK (1820 chars)
  Group 918 (1 paras, ~52 words)... OK (835 chars)
  Group 919 (2 paras, ~133 words)... OK (1720 chars)
  Group 920 (1 paras, ~106 words)... OK (960 chars)
  Group 921 (1 paras, ~63 words)... OK (911 chars)
  Group 922 (3 paras, ~123 words)... OK (1871 chars)
  Group 923 (1 paras, ~14 words)... OK (239 chars)
  Group 924 (2 paras, ~89 words)... OK (1257 chars)
  Group 925 (1 paras, ~64 words)... OK (1216 chars)
  Saved: ../translations/gu/src/ch10-01-syntax.md

--- ch10-02-traits.md
  Group 926 (3 paras, ~68 words)... OK (1229 chars)
  Group 927 (3 paras, ~113 words)... OK (1631 chars)
  Group 928 (1 paras, ~64 words)... OK (831 chars)
  Group 929 (2 paras, ~133 words)... OK (1867 chars)
  Group 930 (1 paras, ~24 words)... OK (364 chars)
  Group 931 (2 paras, ~88 words)... OK (1303 chars)
  Group 932 (1 paras, ~99 words)... OK (1969 chars)
  Group 933 (1 paras, ~69 words)... OK (948 chars)
  Group 934 (2 paras, ~122 words)... OK (1751 chars)
  Group 935 (1 paras, ~103 words)... OK (1533 chars)
  Group 936 (3 paras, ~78 words)... OK (1130 chars)
  Group 937 (2 paras, ~67 words)... OK (930 chars)
  Group 938 (3 paras, ~133 words)... OK (1858 chars)
  Group 939 (1 paras, ~21 words)... OK (441 chars)
  Group 940 (1 paras, ~60 words)... OK (1136 chars)
  Group 941 (2 paras, ~29 words)... OK (384 chars)
  Group 942 (2 paras, ~80 words)... OK (1297 chars)
  Group 943 (1 paras, ~91 words)... OK (1661 chars)
  Group 944 (2 paras, ~30 words)... OK (387 chars)
  Group 945 (2 paras, ~84 words)... OK (1151 chars)
  Group 946 (1 paras, ~48 words)... OK (613 chars)
  Group 947 (1 paras, ~37 words)... OK (476 chars)
  Group 948 (2 paras, ~54 words)... OK (768 chars)
  Group 949 (1 paras, ~12 words)... OK (161 chars)
  Group 950 (1 paras, ~20 words)... OK (302 chars)
  Group 951 (2 paras, ~74 words)... OK (1153 chars)
  Group 952 (1 paras, ~8 words)... OK (113 chars)
  Group 953 (1 paras, ~26 words)... OK (369 chars)
  Group 954 (2 paras, ~31 words)... OK (524 chars)
  Group 955 (2 paras, ~121 words)... OK (2557 chars)
  Group 956 (1 paras, ~35 words)... OK (542 chars)
  Group 957 (1 paras, ~47 words)... OK (951 chars)
  Group 958 (2 paras, ~113 words)... OK (1697 chars)
  Group 959 (1 paras, ~68 words)... OK (1050 chars)
  Group 960 (1 paras, ~45 words)... OK (745 chars)
  Group 961 (2 paras, ~150 words)... OK (3273 chars)
  Saved: ../translations/gu/src/ch10-02-traits.md

--- ch10-03-lifetime-syntax.md
  Group 962 (3 paras, ~148 words)... OK (2373 chars)
  Group 963 (1 paras, ~48 words)... OK (784 chars)
  Group 964 (2 paras, ~49 words)... OK (749 chars)
  Group 965 (2 paras, ~159 words)... OK (2150 chars)
  Group 966 (1 paras, ~98 words)... OK (1423 chars)
  Group 967 (2 paras, ~38 words)... OK (591 chars)
  Group 968 (1 paras, ~89 words)... OK (1038 chars)
  Group 969 (1 paras, ~19 words)... OK (236 chars)
  Group 970 (2 paras, ~71 words)... OK (1021 chars)
  Group 971 (2 paras, ~48 words)... OK (637 chars)
  Group 972 (2 paras, ~71 words)... OK (1010 chars)
  Group 973 (1 paras, ~10 words)... OK (184 chars)
  Group 974 (2 paras, ~184 words)... OK (2496 chars)
  Group 975 (3 paras, ~124 words)... OK (2039 chars)
  Group 976 (1 paras, ~39 words)... OK (442 chars)
  Group 977 (1 paras, ~45 words)... OK (712 chars)
  Group 978 (3 paras, ~91 words)... OK (1225 chars)
  Group 979 (2 paras, ~124 words)... OK (1656 chars)
  Group 980 (2 paras, ~198 words)... OK (2612 chars)
  Group 981 (1 paras, ~92 words)... OK (1042 chars)
  Group 982 (1 paras, ~26 words)... OK (372 chars)
  Group 983 (2 paras, ~142 words)... OK (1694 chars)
  Group 984 (1 paras, ~11 words)... OK (227 chars)
  Group 985 (2 paras, ~153 words)... OK (2683 chars)
  Group 986 (1 paras, ~49 words)... OK (775 chars)
  Group 987 (2 paras, ~57 words)... OK (712 chars)
  Group 988 (2 paras, ~119 words)... OK (1609 chars)
  Group 989 (1 paras, ~42 words)... OK (540 chars)
  Group 990 (1 paras, ~87 words)... OK (1120 chars)
  Group 991 (1 paras, ~40 words)... OK (777 chars)
  Group 992 (2 paras, ~51 words)... OK (888 chars)
  Group 993 (2 paras, ~135 words)... OK (1482 chars)
  Group 994 (2 paras, ~43 words)... OK (723 chars)
  Group 995 (1 paras, ~40 words)... OK (539 chars)
  Group 996 (2 paras, ~94 words)... OK (1414 chars)
  Group 997 (2 paras, ~103 words)... OK (1545 chars)
  Group 998 (2 paras, ~97 words)... OK (1567 chars)
  Group 999 (2 paras, ~86 words)... OK (1034 chars)
  Group 1000 (2 paras, ~90 words)... OK (1410 chars)
  Group 1001 (1 paras, ~28 words)... OK (445 chars)
  Group 1002 (1 paras, ~35 words)... OK (470 chars)
  Group 1003 (2 paras, ~54 words)... OK (919 chars)
  Group 1004 (1 paras, ~25 words)... OK (337 chars)
  Group 1005 (1 paras, ~94 words)... OK (1211 chars)
  Group 1006 (1 paras, ~36 words)... OK (620 chars)
  Group 1007 (3 paras, ~82 words)... OK (1444 chars)
  Group 1008 (2 paras, ~89 words)... OK (1383 chars)
  Group 1009 (2 paras, ~46 words)... OK (565 chars)
  Group 1010 (1 paras, ~47 words)... OK (621 chars)
  Group 1011 (2 paras, ~41 words)... OK (597 chars)
  Group 1012 (2 paras, ~113 words)... OK (1618 chars)
  Group 1013 (2 paras, ~26 words)... OK (459 chars)
  Group 1014 (1 paras, ~101 words)... OK (1297 chars)
  Group 1015 (2 paras, ~99 words)... OK (1603 chars)
  Group 1016 (1 paras, ~81 words)... OK (1170 chars)
  Saved: ../translations/gu/src/ch10-03-lifetime-syntax.md

--- ch11-00-testing.md
  Group 1017 (3 paras, ~119 words)... OK (1603 chars)
  Group 1018 (1 paras, ~108 words)... OK (2106 chars)
  Group 1019 (2 paras, ~112 words)... OK (1883 chars)
  Saved: ../translations/gu/src/ch11-00-testing.md

--- ch11-01-writing-tests.md
  Group 1020 (5 paras, ~52 words)... OK (742 chars)
  Group 1021 (1 paras, ~27 words)... OK (389 chars)
  Group 1022 (2 paras, ~87 words)... OK (1188 chars)
  Group 1023 (2 paras, ~109 words)... OK (1870 chars)
  Group 1024 (1 paras, ~13 words)... OK (231 chars)
  Group 1025 (1 paras, ~15 words)... OK (199 chars)
  Group 1026 (3 paras, ~126 words)... OK (2589 chars)
  Group 1027 (1 paras, ~15 words)... OK (257 chars)
  Group 1028 (2 paras, ~171 words)... OK (2151 chars)
  Group 1029 (2 paras, ~106 words)... OK (1944 chars)
  Group 1030 (2 paras, ~30 words)... OK (367 chars)
  Group 1031 (1 paras, ~14 words)... OK (160 chars)
  Group 1032 (1 paras, ~85 words)... OK (1330 chars)
  Group 1033 (1 paras, ~25 words)... OK (153 chars)
  Group 1034 (1 paras, ~122 words)... OK (1557 chars)
  Group 1035 (2 paras, ~49 words)... OK (651 chars)
  Group 1036 (2 paras, ~87 words)... OK (1116 chars)
  Group 1037 (1 paras, ~39 words)... OK (475 chars)
  Group 1038 (1 paras, ~65 words)... OK (758 chars)
  Group 1039 (1 paras, ~86 words)... OK (1176 chars)
  Group 1040 (1 paras, ~47 words)... OK (1037 chars)
  Group 1041 (2 paras, ~21 words)... OK (353 chars)
  Group 1042 (1 paras, ~40 words)... OK (461 chars)
  Group 1043 (1 paras, ~49 words)... OK (639 chars)
  Group 1044 (1 paras, ~7 words)... OK (131 chars)
  Group 1045 (1 paras, ~31 words)... OK (305 chars)
  Group 1046 (2 paras, ~133 words)... OK (1827 chars)
  Group 1047 (1 paras, ~25 words)... OK (343 chars)
  Group 1048 (1 paras, ~5 words)... OK (87 chars)
  Group 1049 (2 paras, ~76 words)... OK (1356 chars)
  Group 1050 (1 paras, ~4 words)... OK (57 chars)
  Group 1051 (2 paras, ~163 words)... OK (2038 chars)
  Group 1052 (1 paras, ~104 words)... OK (1281 chars)
  Group 1053 (1 paras, ~132 words)... OK (2093 chars)
  Group 1054 (2 paras, ~100 words)... OK (1484 chars)
  Group 1055 (2 paras, ~32 words)... OK (415 chars)
  Group 1056 (2 paras, ~91 words)... OK (1182 chars)
  Group 1057 (1 paras, ~6 words)... OK (122 chars)
  Group 1058 (1 paras, ~54 words)... OK (729 chars)
  Group 1059 (1 paras, ~13 words)... OK (208 chars)
  Group 1060 (1 paras, ~27 words)... OK (421 chars)
  Group 1061 (3 paras, ~112 words)... OK (1543 chars)
  Group 1062 (1 paras, ~19 words)... OK (251 chars)
  Group 1063 (1 paras, ~26 words)... OK (324 chars)
  Group 1064 (1 paras, ~27 words)... OK (283 chars)
  Group 1065 (1 paras, ~11 words)... OK (169 chars)
  Group 1066 (2 paras, ~131 words)... OK (2707 chars)
  Group 1067 (1 paras, ~111 words)... OK (1284 chars)
  Group 1068 (1 paras, ~39 words)... OK (516 chars)
  Group 1069 (1 paras, ~11 words)... OK (167 chars)
  Group 1070 (1 paras, ~64 words)... OK (671 chars)
  Group 1071 (2 paras, ~43 words)... OK (659 chars)
  Group 1072 (2 paras, ~83 words)... OK (1033 chars)
  Group 1073 (2 paras, ~69 words)... OK (989 chars)
  Saved: ../translations/gu/src/ch11-01-writing-tests.md

--- ch11-02-running-tests.md
  Group 1074 (2 paras, ~88 words)... OK (1323 chars)
  Group 1075 (1 paras, ~91 words)... OK (1259 chars)
  Group 1076 (3 paras, ~193 words)... OK (2737 chars)
  Group 1077 (1 paras, ~49 words)... OK (603 chars)
  Group 1078 (1 paras, ~44 words)... OK (571 chars)
  Group 1079 (3 paras, ~100 words)... OK (1469 chars)
  Group 1080 (1 paras, ~14 words)... OK (219 chars)
  Group 1081 (2 paras, ~87 words)... OK (728 chars)
  Group 1082 (1 paras, ~18 words)... OK (288 chars)
  Group 1083 (3 paras, ~93 words)... OK (1248 chars)
  Group 1084 (1 paras, ~20 words)... OK (296 chars)
  Group 1085 (2 paras, ~20 words)... OK (276 chars)
  Group 1086 (2 paras, ~68 words)... OK (874 chars)
  Group 1087 (2 paras, ~46 words)... OK (634 chars)
  Group 1088 (1 paras, ~50 words)... OK (595 chars)
  Group 1089 (3 paras, ~61 words)... OK (946 chars)
  Group 1090 (1 paras, ~26 words)... OK (428 chars)
  Group 1091 (1 paras, ~25 words)... OK (285 chars)
  Group 1092 (1 paras, ~71 words)... OK (1103 chars)
  Saved: ../translations/gu/src/ch11-02-running-tests.md

--- ch11-03-test-organization.md
  Group 1093 (2 paras, ~93 words)... OK (1585 chars)
  Group 1094 (1 paras, ~25 words)... OK (348 chars)
  Group 1095 (2 paras, ~75 words)... OK (739 chars)
  Group 1096 (2 paras, ~104 words)... OK (1455 chars)
  Group 1097 (2 paras, ~24 words)... OK (390 chars)
  Group 1098 (1 paras, ~88 words)... OK (1533 chars)
  Group 1099 (2 paras, ~61 words)... OK (922 chars)
  Group 1100 (1 paras, ~100 words)... OK (1365 chars)
  Group 1101 (2 paras, ~88 words)... OK (1473 chars)
  Group 1102 (3 paras, ~89 words)... OK (1180 chars)
  Group 1103 (1 paras, ~10 words)... OK (102 chars)
  Group 1104 (2 paras, ~78 words)... OK (1018 chars)
  Group 1105 (2 paras, ~100 words)... OK (1297 chars)
  Group 1106 (3 paras, ~114 words)... OK (1588 chars)
  Group 1107 (1 paras, ~10 words)... OK (145 chars)
  Group 1108 (2 paras, ~107 words)... OK (1580 chars)
  Group 1109 (1 paras, ~84 words)... OK (1161 chars)
  Group 1110 (1 paras, ~2 words)... OK (2279 chars)
  Group 1111 (1 paras, ~37 words)... OK (517 chars)
  Group 1112 (1 paras, ~57 words)... OK (898 chars)
  Group 1113 (1 paras, ~82 words)... OK (1204 chars)
  Group 1114 (2 paras, ~36 words)... OK (485 chars)
  Group 1115 (1 paras, ~29 words)... OK (369 chars)
  Group 1116 (3 paras, ~140 words)... OK (2006 chars)
  Group 1117 (2 paras, ~108 words)... OK (1695 chars)
  Group 1118 (1 paras, ~18 words)... OK (247 chars)
  Saved: ../translations/gu/src/ch11-03-test-organization.md

--- ch12-00-an-io-project.md
  Group 1119 (3 paras, ~153 words)... OK (2290 chars)
  Group 1120 (1 paras, ~82 words)... OK (1198 chars)
  Group 1121 (5 paras, ~84 words)... OK (1183 chars)
  Group 1122 (2 paras, ~16 words)... OK (179 chars)
  Group 1123 (1 paras, ~19 words)... OK (337 chars)
  Saved: ../translations/gu/src/ch12-00-an-io-project.md

--- ch12-01-accepting-command-line-arguments.md
  Group 1124 (2 paras, ~35 words)... OK (428 chars)
  Group 1125 (1 paras, ~69 words)... OK (813 chars)
  Group 1126 (1 paras, ~42 words)... OK (699 chars)
  Group 1127 (2 paras, ~96 words)... OK (1352 chars)
  Group 1128 (1 paras, ~26 words)... OK (359 chars)
  Group 1129 (1 paras, ~109 words)... OK (1514 chars)
  Group 1130 (3 paras, ~159 words)... OK (2419 chars)
  Group 1131 (1 paras, ~23 words)... OK (324 chars)
  Group 1132 (1 paras, ~97 words)... OK (1249 chars)
  Group 1133 (2 paras, ~52 words)... OK (696 chars)
  Group 1134 (2 paras, ~106 words)... OK (1676 chars)
  Group 1135 (1 paras, ~53 words)... OK (825 chars)
  Saved: ../translations/gu/src/ch12-01-accepting-command-line-arguments.md

--- ch12-02-reading-a-file.md
  Group 1136 (2 paras, ~75 words)... OK (1008 chars)
  Group 1137 (1 paras, ~19 words)... OK (271 chars)
  Group 1138 (4 paras, ~108 words)... OK (1453 chars)
  Group 1139 (1 paras, ~111 words)... OK (1547 chars)
  Saved: ../translations/gu/src/ch12-02-reading-a-file.md

--- ch12-03-improving-error-handling-and-modularity.md
  Group 1140 (2 paras, ~97 words)... OK (1699 chars)
  Group 1141 (2 paras, ~156 words)... OK (2002 chars)
  Group 1142 (1 paras, ~90 words)... OK (1368 chars)
  Group 1143 (1 paras, ~9 words)... OK (148 chars)
  Group 1144 (4 paras, ~92 words)... OK (1295 chars)
  Group 1145 (1 paras, ~20 words)... OK (302 chars)
  Group 1146 (5 paras, ~46 words)... OK (656 chars)
  Group 1147 (1 paras, ~75 words)... OK (1001 chars)
  Group 1148 (2 paras, ~41 words)... OK (664 chars)
  Group 1149 (1 paras, ~99 words)... OK (1280 chars)
  Group 1150 (1 paras, ~50 words)... OK (859 chars)
  Group 1151 (3 paras, ~147 words)... OK (1963 chars)
  Group 1152 (1 paras, ~9 words)... OK (120 chars)
  Group 1153 (1 paras, ~96 words)... OK (1230 chars)
  Group 1154 (1 paras, ~92 words)... OK (1112 chars)
  Group 1155 (2 paras, ~120 words)... OK (1689 chars)
  Group 1156 (2 paras, ~91 words)... OK (1212 chars)
  Group 1157 (2 paras, ~81 words)... OK (965 chars)
  Group 1158 (1 paras, ~95 words)... OK (1159 chars)
  Group 1159 (1 paras, ~46 words)... OK (665 chars)
  Group 1160 (2 paras, ~55 words)... OK (753 chars)
  Group 1161 (1 paras, ~38 words)... OK (441 chars)
  Group 1162 (2 paras, ~46 words)... OK (663 chars)
  Group 1163 (1 paras, ~91 words)... OK (1057 chars)
  Group 1164 (1 paras, ~26 words)... OK (299 chars)
  Group 1165 (1 paras, ~83 words)... OK (1118 chars)
  Group 1166 (2 paras, ~106 words)... OK (1505 chars)
  Group 1167 (1 paras, ~50 words)... OK (679 chars)
  Group 1168 (2 paras, ~84 words)... OK (1679 chars)
  Group 1169 (1 paras, ~30 words)... OK (456 chars)
  Group 1170 (2 paras, ~83 words)... OK (1443 chars)
  Group 1171 (1 paras, ~164 words)... OK (2155 chars)
  Group 1172 (1 paras, ~87 words)... OK (1143 chars)
  Group 1173 (1 paras, ~9 words)... OK (151 chars)
  Group 1174 (2 paras, ~82 words)... OK (1260 chars)
  Group 1175 (1 paras, ~12 words)... OK (161 chars)
  Group 1176 (1 paras, ~27 words)... OK (313 chars)
  Group 1177 (2 paras, ~85 words)... OK (1125 chars)
  Group 1178 (2 paras, ~133 words)... OK (1746 chars)
  Group 1179 (2 paras, ~118 words)... OK (1646 chars)
  Group 1180 (1 paras, ~13 words)... OK (208 chars)
  Group 1181 (1 paras, ~53 words)... OK (589 chars)
  Group 1182 (3 paras, ~34 words)... OK (494 chars)
  Group 1183 (2 paras, ~97 words)... OK (1441 chars)
  Group 1184 (3 paras, ~80 words)... OK (1097 chars)
  Group 1185 (1 paras, ~35 words)... OK (553 chars)
  Group 1186 (2 paras, ~66 words)... OK (1015 chars)
  Group 1187 (1 paras, ~102 words)... OK (1398 chars)
  Group 1188 (2 paras, ~97 words)... OK (1288 chars)
  Group 1189 (1 paras, ~30 words)... OK (398 chars)
  Saved: ../translations/gu/src/ch12-03-improving-error-handling-and-modularity.md

--- ch12-04-testing-the-librarys-functionality.md
  Group 1190 (4 paras, ~94 words)... OK (1371 chars)
  Group 1191 (3 paras, ~32 words)... OK (461 chars)
  Group 1192 (2 paras, ~78 words)... OK (1047 chars)
  Group 1193 (2 paras, ~65 words)... OK (805 chars)
  Group 1194 (2 paras, ~147 words)... OK (1945 chars)
  Group 1195 (2 paras, ~146 words)... OK (1960 chars)
  Group 1196 (1 paras, ~16 words)... OK (262 chars)
  Group 1197 (1 paras, ~84 words)... OK (1218 chars)
  Group 1198 (1 paras, ~43 words)... OK (609 chars)
  Group 1199 (7 paras, ~71 words)... OK (1016 chars)
  Group 1200 (1 paras, ~10 words)... OK (127 chars)
  Group 1201 (2 paras, ~35 words)... OK (223 chars)
  Group 1202 (1 paras, ~50 words)... OK (680 chars)
  Group 1203 (2 paras, ~53 words)... OK (688 chars)
  Group 1204 (1 paras, ~31 words)... OK (371 chars)
  Group 1205 (2 paras, ~58 words)... OK (833 chars)
  Group 1206 (1 paras, ~22 words)... OK (276 chars)
  Group 1207 (3 paras, ~102 words)... OK (1525 chars)
  Group 1208 (1 paras, ~14 words)... OK (191 chars)
  Group 1209 (1 paras, ~27 words)... OK (321 chars)
  Group 1210 (2 paras, ~68 words)... OK (1087 chars)
  Saved: ../translations/gu/src/ch12-04-testing-the-librarys-functionality.md

--- ch12-05-working-with-environment-variables.md
  Group 1211 (2 paras, ~81 words)... OK (1393 chars)
  Group 1212 (2 paras, ~79 words)... OK (1012 chars)
  Group 1213 (2 paras, ~176 words)... OK (2524 chars)
  Group 1214 (2 paras, ~55 words)... OK (633 chars)
  Group 1215 (1 paras, ~106 words)... OK (1463 chars)
  Group 1216 (1 paras, ~87 words)... OK (1131 chars)
  Group 1217 (2 paras, ~43 words)... OK (635 chars)
  Group 1218 (2 paras, ~48 words)... OK (1105 chars)
  Group 1219 (1 paras, ~46 words)... OK (663 chars)
  Group 1220 (1 paras, ~67 words)... OK (892 chars)
  Group 1221 (2 paras, ~154 words)... OK (1932 chars)
  Group 1222 (2 paras, ~70 words)... OK (917 chars)
  Group 1223 (1 paras, ~22 words)... OK (273 chars)
  Group 1224 (1 paras, ~19 words)... OK (280 chars)
  Group 1225 (1 paras, ~20 words)... OK (249 chars)
  Group 1226 (1 paras, ~12 words)... OK (178 chars)
  Group 1227 (2 paras, ~111 words)... OK (1711 chars)
  Group 1228 (1 paras, ~22 words)... OK (354 chars)
  Saved: ../translations/gu/src/ch12-05-working-with-environment-variables.md

--- ch12-06-writing-to-stderr-instead-of-stdout.md
  Group 1229 (3 paras, ~95 words)... OK (1414 chars)
  Group 1230 (3 paras, ~129 words)... OK (1954 chars)
  Group 1231 (1 paras, ~36 words)... OK (501 chars)
  Group 1232 (1 paras, ~48 words)... OK (500 chars)
  Group 1233 (1 paras, ~41 words)... OK (468 chars)
  Group 1234 (2 paras, ~73 words)... OK (909 chars)
  Group 1235 (1 paras, ~20 words)... OK (290 chars)
  Group 1236 (2 paras, ~42 words)... OK (603 chars)
  Group 1237 (2 paras, ~16 words)... OK (221 chars)
  Group 1238 (1 paras, ~19 words)... OK (325 chars)
  Group 1239 (3 paras, ~89 words)... OK (1591 chars)
  Saved: ../translations/gu/src/ch12-06-writing-to-stderr-instead-of-stdout.md

--- ch13-00-functional-features.md
  Group 1240 (3 paras, ~92 words)... OK (1528 chars)
  Group 1241 (5 paras, ~53 words)... OK (877 chars)
  Group 1242 (1 paras, ~43 words)... OK (601 chars)
  Saved: ../translations/gu/src/ch13-00-functional-features.md

--- ch13-01-closures.md
  Group 1243 (2 paras, ~66 words)... OK (1080 chars)
  Group 1244 (2 paras, ~98 words)... OK (1645 chars)
  Group 1245 (1 paras, ~92 words)... OK (1365 chars)
  Group 1246 (2 paras, ~175 words)... OK (2502 chars)
  Group 1247 (2 paras, ~69 words)... OK (991 chars)
  Group 1248 (1 paras, ~82 words)... OK (1103 chars)
  Group 1249 (2 paras, ~104 words)... OK (1648 chars)
  Group 1250 (2 paras, ~133 words)... OK (1935 chars)
  Group 1251 (1 paras, ~71 words)... OK (980 chars)
  Group 1252 (1 paras, ~120 words)... OK (1650 chars)
  Group 1253 (1 paras, ~101 words)... OK (1517 chars)
  Group 1254 (1 paras, ~6 words)... OK (110 chars)
  Group 1255 (1 paras, ~58 words)... OK (760 chars)
  Group 1256 (3 paras, ~85 words)... OK (1301 chars)
  Group 1257 (2 paras, ~82 words)... OK (1157 chars)
  Group 1258 (1 paras, ~26 words)... OK (357 chars)
  Group 1259 (1 paras, ~6 words)... OK (101 chars)
  Group 1260 (1 paras, ~83 words)... OK (1249 chars)
  Group 1261 (2 paras, ~123 words)... OK (1747 chars)
  Group 1262 (1 paras, ~193 words)... OK (2699 chars)
  Group 1263 (3 paras, ~106 words)... OK (1385 chars)
  Group 1264 (2 paras, ~109 words)... OK (2223 chars)
  Group 1265 (2 paras, ~80 words)... OK (1339 chars)
  Group 1266 (1 paras, ~17 words)... OK (238 chars)
  Group 1267 (2 paras, ~84 words)... OK (910 chars)
  Group 1268 (1 paras, ~102 words)... OK (1747 chars)
  Group 1269 (2 paras, ~182 words)... OK (2272 chars)
  Group 1270 (1 paras, ~3 words)... OK (34 chars)
  Group 1271 (2 paras, ~82 words)... OK (1178 chars)
  Group 1272 (1 paras, ~129 words)... OK (1801 chars)
  Group 1273 (1 paras, ~94 words)... OK (1281 chars)
  Group 1274 (1 paras, ~40 words)... OK (657 chars)
  Saved: ../translations/gu/src/ch13-01-closures.md

--- ch13-02-iterators.md
  Group 1275 (3 paras, ~111 words)... OK (1744 chars)
  Group 1276 (2 paras, ~117 words)... OK (2145 chars)
  Group 1277 (2 paras, ~106 words)...   HTTP request failed on attempt 1: error sending request for url (http://localhost:11434/api/generate)
  Retry 1/3 for chunk 1277 after 2s...
  HTTP request failed on attempt 2: error sending request for url (http://localhost:11434/api/generate)
  Retry 2/3 for chunk 1277 after 4s...
  HTTP request failed on attempt 3: error sending request for url (http://localhost:11434/api/generate)
  Retry 3/3 for chunk 1277 after 8s...
OK (1745 chars)
  Group 1278 (2 paras, ~29 words)... OK (461 chars)
  Group 1279 (1 paras, ~84 words)... OK (1176 chars)
  Group 1280 (2 paras, ~63 words)... OK (970 chars)
  Group 1281 (1 paras, ~82 words)... OK (1354 chars)
  Group 1282 (1 paras, ~71 words)... OK (995 chars)
  Group 1283 (3 paras, ~140 words)... OK (2190 chars)
  Group 1284 (1 paras, ~23 words)... OK (295 chars)
  Group 1285 (3 paras, ~91 words)... OK (1324 chars)
  Group 1286 (1 paras, ~6 words)... OK (94 chars)
  Group 1287 (3 paras, ~105 words)... OK (1340 chars)
  Group 1288 (2 paras, ~80 words)... OK (1227 chars)
  Group 1289 (3 paras, ~84 words)... OK (1037 chars)
  Group 1290 (1 paras, ~36 words)... OK (500 chars)
  Group 1291 (3 paras, ~112 words)... OK (1655 chars)
  Group 1292 (1 paras, ~24 words)... OK (373 chars)
  Saved: ../translations/gu/src/ch13-02-iterators.md

--- ch13-03-improving-our-io-project.md
  Group 1293 (2 paras, ~49 words)... OK (723 chars)
  Group 1294 (2 paras, ~61 words)... OK (812 chars)
  Group 1295 (2 paras, ~81 words)... OK (1224 chars)
  Group 1296 (2 paras, ~97 words)... OK (1743 chars)
  Group 1297 (3 paras, ~18 words)... OK (319 chars)
  Group 1298 (1 paras, ~36 words)... OK (551 chars)
  Group 1299 (2 paras, ~69 words)... OK (829 chars)
  Group 1300 (2 paras, ~95 words)... OK (1030 chars)
  Group 1301 (1 paras, ~32 words)... OK (443 chars)
  Group 1302 (2 paras, ~41 words)... OK (602 chars)
  Group 1303 (1 paras, ~101 words)... OK (1238 chars)
  Group 1304 (2 paras, ~33 words)... OK (506 chars)
  Group 1305 (1 paras, ~74 words)... OK (1246 chars)
  Group 1306 (2 paras, ~193 words)... OK (2379 chars)
  Group 1307 (2 paras, ~147 words)... OK (2153 chars)
  Group 1308 (1 paras, ~23 words)... OK (328 chars)
  Saved: ../translations/gu/src/ch13-03-improving-our-io-project.md

--- ch13-04-performance.md
  Group 1309 (3 paras, ~90 words)... OK (1259 chars)
  Group 1310 (2 paras, ~145 words)... OK (2095 chars)
  Group 1311 (2 paras, ~95 words)... OK (1569 chars)
  Group 1312 (3 paras, ~80 words)... OK (1422 chars)
  Saved: ../translations/gu/src/ch13-04-performance.md

--- ch14-00-more-about-cargo.md
  Group 1313 (7 paras, ~76 words)... OK (1403 chars)
  Group 1314 (1 paras, ~26 words)... OK (367 chars)
  Saved: ../translations/gu/src/ch14-00-more-about-cargo.md

--- ch14-01-release-profiles.md
  Group 1315 (3 paras, ~87 words)... OK (1461 chars)
  Group 1316 (1 paras, ~12 words)... OK (172 chars)
  Group 1317 (3 paras, ~74 words)... OK (1118 chars)
  Group 1318 (1 paras, ~114 words)... OK (1676 chars)
  Group 1319 (2 paras, ~43 words)... OK (637 chars)
  Group 1320 (2 paras, ~71 words)... OK (979 chars)
  Saved: ../translations/gu/src/ch14-01-release-profiles.md

--- ch14-02-publishing-to-crates-io.md
  Group 1321 (3 paras, ~84 words)... OK (1316 chars)
  Group 1322 (2 paras, ~97 words)... OK (1402 chars)
  Group 1323 (1 paras, ~42 words)... OK (794 chars)
  Group 1324 (2 paras, ~121 words)... OK (1739 chars)
  Group 1325 (1 paras, ~9 words)... OK (118 chars)
  Group 1326 (4 paras, ~121 words)... OK (1740 chars)
  Group 1327 (1 paras, ~37 words)... OK (568 chars)
  Group 1328 (1 paras, ~31 words)... OK (379 chars)
  Group 1329 (2 paras, ~92 words)... OK (1297 chars)
  Group 1330 (1 paras, ~43 words)... OK (569 chars)
  Group 1331 (3 paras, ~93 words)... OK (1271 chars)
  Group 1332 (2 paras, ~95 words)... OK (1127 chars)
  Group 1333 (1 paras, ~30 words)... OK (732 chars)
  Group 1334 (1 paras, ~17 words)... OK (258 chars)
  Group 1335 (3 paras, ~151 words)... OK (1985 chars)
  Group 1336 (2 paras, ~115 words)... OK (2067 chars)
  Group 1337 (1 paras, ~20 words)... OK (285 chars)
  Group 1338 (3 paras, ~90 words)... OK (1253 chars)
  Group 1339 (1 paras, ~98 words)... OK (1296 chars)
  Group 1340 (1 paras, ~37 words)... OK (543 chars)
  Group 1341 (1 paras, ~38 words)... OK (590 chars)
  Group 1342 (2 paras, ~50 words)... OK (714 chars)
  Group 1343 (2 paras, ~133 words)... OK (2732 chars)
  Group 1344 (2 paras, ~91 words)... OK (1241 chars)
  Group 1345 (1 paras, ~52 words)... OK (654 chars)
  Group 1346 (3 paras, ~132 words)... OK (1870 chars)
  Group 1347 (1 paras, ~2 words)... OK (2381 chars)
  Group 1348 (1 paras, ~27 words)... OK (371 chars)
  Group 1349 (1 paras, ~103 words)... OK (1565 chars)
  Group 1350 (1 paras, ~2 words)... OK (2381 chars)
  Group 1351 (2 paras, ~110 words)... OK (1499 chars)
  Group 1352 (2 paras, ~29 words)... OK (349 chars)
  Group 1353 (1 paras, ~20 words)... OK (367 chars)
  Group 1354 (3 paras, ~118 words)... OK (1810 chars)
  Group 1355 (1 paras, ~10 words)... OK (115 chars)
  Group 1356 (1 paras, ~23 words)... OK (330 chars)
  Group 1357 (2 paras, ~66 words)... OK (916 chars)
  Group 1358 (3 paras, ~96 words)... OK (1728 chars)
  Group 1359 (1 paras, ~57 words)... OK (820 chars)
  Group 1360 (1 paras, ~22 words)... OK (280 chars)
  Group 1361 (1 paras, ~24 words)... OK (452 chars)
  Saved: ../translations/gu/src/ch14-02-publishing-to-crates-io.md

--- ch14-03-cargo-workspaces.md
  Group 1362 (2 paras, ~63 words)... OK (1028 chars)
  Group 1363 (2 paras, ~112 words)... OK (1600 chars)
  Group 1364 (2 paras, ~70 words)... OK (868 chars)
  Group 1365 (1 paras, ~15 words)... OK (200 chars)
  Group 1366 (1 paras, ~28 words)... OK (366 chars)
  Group 1367 (1 paras, ~23 words)... OK (290 chars)
  Group 1368 (1 paras, ~118 words)... OK (2435 chars)
  Group 1369 (2 paras, ~29 words)... OK (381 chars)
  Group 1370 (2 paras, ~15 words)... OK (188 chars)
  Group 1371 (1 paras, ~10 words)... OK (184 chars)
  Group 1372 (2 paras, ~11 words)... OK (211 chars)
  Group 1373 (2 paras, ~34 words)... OK (517 chars)
  Group 1374 (2 paras, ~55 words)... OK (669 chars)
  Group 1375 (1 paras, ~13 words)... OK (194 chars)
  Group 1376 (1 paras, ~34 words)... OK (593 chars)
  Group 1377 (1 paras, ~13 words)... OK (154 chars)
  Group 1378 (2 paras, ~116 words)... OK (1437 chars)
  Group 1379 (1 paras, ~2 words)... OK (728 chars)
  Group 1380 (1 paras, ~47 words)... OK (571 chars)
  Group 1381 (1 paras, ~63 words)... OK (783 chars)
  Group 1382 (1 paras, ~96 words)... OK (1113 chars)
  Group 1383 (1 paras, ~29 words)... OK (497 chars)
  Group 1384 (3 paras, ~23 words)... OK (321 chars)
  Group 1385 (1 paras, ~30 words)... OK (397 chars)
  Group 1386 (2 paras, ~77 words)... OK (1028 chars)
  Group 1387 (3 paras, ~89 words)... OK (1226 chars)
  Group 1388 (1 paras, ~45 words)... OK (697 chars)
  Saved: ../translations/gu/src/ch14-03-cargo-workspaces.md

--- ch14-04-installing-binaries.md
  Group 1389 (2 paras, ~121 words)... OK (1859 chars)
  Group 1390 (2 paras, ~82 words)... OK (1189 chars)
  Group 1391 (1 paras, ~55 words)... OK (1022 chars)
  Saved: ../translations/gu/src/ch14-04-installing-binaries.md

--- ch14-05-extending-cargo.md
  Group 1392 (2 paras, ~87 words)... OK (1096 chars)
  Group 1393 (2 paras, ~70 words)... OK (921 chars)
  Saved: ../translations/gu/src/ch14-05-extending-cargo.md

--- ch15-00-smart-pointers.md
  Group 1394 (3 paras, ~189 words)... OK (2976 chars)
  Group 1395 (2 paras, ~124 words)... OK (2224 chars)
  Group 1396 (4 paras, ~87 words)... OK (1424 chars)
  Group 1397 (2 paras, ~38 words)... OK (769 chars)
  Saved: ../translations/gu/src/ch15-00-smart-pointers.md

--- ch15-01-box.md
  Group 1398 (3 paras, ~96 words)... OK (1243 chars)
  Group 1399 (3 paras, ~84 words)... OK (1217 chars)
  Group 1400 (1 paras, ~122 words)... OK (1554 chars)
  Group 1401 (3 paras, ~47 words)... OK (705 chars)
  Group 1402 (1 paras, ~102 words)... OK (1142 chars)
  Group 1403 (1 paras, ~68 words)... OK (856 chars)
  Group 1404 (2 paras, ~85 words)... OK (1333 chars)
  Group 1405 (1 paras, ~57 words)... OK (988 chars)
  Group 1406 (2 paras, ~82 words)... OK (1056 chars)
  Group 1407 (1 paras, ~21 words)... OK (287 chars)
  Group 1408 (1 paras, ~85 words)... OK (974 chars)
  Group 1409 (2 paras, ~96 words)... OK (1379 chars)
  Group 1410 (2 paras, ~62 words)... OK (959 chars)
  Group 1411 (2 paras, ~72 words)... OK (879 chars)
  Group 1412 (1 paras, ~73 words)... OK (1209 chars)
  Group 1413 (2 paras, ~24 words)... OK (421 chars)
  Group 1414 (2 paras, ~189 words)... OK (2518 chars)
  Group 1415 (1 paras, ~10 words)... OK (120 chars)
  Group 1416 (2 paras, ~31 words)... OK (460 chars)
  Group 1417 (2 paras, ~129 words)... OK (1853 chars)
  Group 1418 (1 paras, ~30 words)... OK (302 chars)
  Group 1419 (1 paras, ~94 words)... OK (1244 chars)
  Group 1420 (2 paras, ~82 words)...   HTTP request failed on attempt 1: error sending request for url (http://localhost:11434/api/generate)
  Retry 1/3 for chunk 1420 after 2s...
OK (1055 chars)
  Group 1421 (1 paras, ~84 words)... OK (1106 chars)
  Saved: ../translations/gu/src/ch15-01-box.md

--- ch15-02-deref.md
  Group 1422 (3 paras, ~145 words)... OK (2198 chars)
  Group 1423 (2 paras, ~56 words)... OK (796 chars)
  Group 1424 (1 paras, ~93 words)... OK (1161 chars)
  Group 1425 (1 paras, ~14 words)... OK (199 chars)
  Group 1426 (1 paras, ~31 words)... OK (449 chars)
  Group 1427 (2 paras, ~47 words)... OK (604 chars)
  Group 1428 (1 paras, ~89 words)... OK (1227 chars)
  Group 1429 (3 paras, ~96 words)... OK (1312 chars)
  Group 1430 (1 paras, ~39 words)... OK (624 chars)
  Group 1431 (2 paras, ~99 words)... OK (1635 chars)
  Group 1432 (1 paras, ~5 words)... OK (74 chars)
  Group 1433 (1 paras, ~27 words)... OK (438 chars)
  Group 1434 (2 paras, ~72 words)... OK (1055 chars)
  Group 1435 (2 paras, ~115 words)... OK (1974 chars)
  Group 1436 (2 paras, ~59 words)... OK (766 chars)
  Group 1437 (2 paras, ~138 words)... OK (1649 chars)
  Group 1438 (1 paras, ~62 words)... OK (749 chars)
  Group 1439 (2 paras, ~123 words)... OK (1650 chars)
  Group 1440 (2 paras, ~91 words)... OK (1488 chars)
  Group 1441 (1 paras, ~42 words)... OK (472 chars)
  Group 1442 (1 paras, ~82 words)... OK (1119 chars)
  Group 1443 (1 paras, ~33 words)... OK (448 chars)
  Group 1444 (2 paras, ~123 words)... OK (1600 chars)
  Group 1445 (6 paras, ~74 words)... OK (949 chars)
  Group 1446 (2 paras, ~170 words)... OK (2668 chars)
  Saved: ../translations/gu/src/ch15-02-deref.md

--- ch15-03-drop.md
  Group 1447 (3 paras, ~107 words)... OK (1448 chars)
  Group 1448 (1 paras, ~103 words)... OK (1547 chars)
  Group 1449 (2 paras, ~84 words)... OK (1272 chars)
  Group 1450 (2 paras, ~135 words)... OK (1865 chars)
  Group 1451 (1 paras, ~10 words)... OK (205 chars)
  Group 1452 (1 paras, ~69 words)... OK (1006 chars)
  Group 1453 (1 paras, ~114 words)... OK (1718 chars)
  Group 1454 (1 paras, ~24 words)... OK (357 chars)
  Group 1455 (1 paras, ~11 words)... OK (201 chars)
  Group 1456 (2 paras, ~98 words)... OK (1284 chars)
  Group 1457 (2 paras, ~92 words)... OK (1268 chars)
  Group 1458 (1 paras, ~7 words)... OK (103 chars)
  Group 1459 (2 paras, ~89 words)... OK (1192 chars)
  Group 1460 (2 paras, ~69 words)... OK (1024 chars)
  Saved: ../translations/gu/src/ch15-03-drop.md

--- ch15-04-rc.md
  Group 1461 (2 paras, ~84 words)... OK (1296 chars)
  Group 1462 (2 paras, ~135 words)... OK (1824 chars)
  Group 1463 (2 paras, ~94 words)... OK (1566 chars)
  Group 1464 (4 paras, ~120 words)... OK (1426 chars)
  Group 1465 (1 paras, ~19 words)... OK (294 chars)
  Group 1466 (1 paras, ~9 words)... OK (186 chars)
  Group 1467 (2 paras, ~107 words)... OK (1485 chars)
  Group 1468 (1 paras, ~128 words)... OK (1686 chars)
  Group 1469 (2 paras, ~176 words)... OK (2282 chars)
  Group 1470 (3 paras, ~67 words)... OK (878 chars)
  Group 1471 (2 paras, ~61 words)... OK (1085 chars)
  Group 1472 (1 paras, ~82 words)... OK (1096 chars)
  Group 1473 (2 paras, ~154 words)... OK (2198 chars)
  Saved: ../translations/gu/src/ch15-04-rc.md

--- ch15-05-interior-mutability.md
  Group 1474 (2 paras, ~92 words)... OK (1479 chars)
  Group 1475 (2 paras, ~65 words)... OK (1031 chars)
  Group 1476 (4 paras, ~64 words)... OK (905 chars)
  Group 1477 (2 paras, ~112 words)... OK (1495 chars)
  Group 1478 (2 paras, ~158 words)... OK (2537 chars)
  Group 1479 (4 paras, ~103 words)... OK (1608 chars)
  Group 1480 (1 paras, ~22 words)... OK (383 chars)
  Group 1481 (1 paras, ~28 words)... OK (508 chars)
  Group 1482 (2 paras, ~28 words)... OK (519 chars)
  Group 1483 (1 paras, ~12 words)... OK (202 chars)
  Group 1484 (1 paras, ~93 words)... OK (1286 chars)
  Group 1485 (1 paras, ~22 words)... OK (390 chars)
  Group 1486 (2 paras, ~104 words)... OK (1511 chars)
  Group 1487 (2 paras, ~103 words)... OK (1356 chars)
  Group 1488 (1 paras, ~91 words)... OK (1325 chars)
  Group 1489 (1 paras, ~141 words)... OK (1705 chars)
  Group 1490 (1 paras, ~88 words)... OK (1176 chars)
  Group 1491 (1 paras, ~97 words)... OK (1197 chars)
  Group 1492 (1 paras, ~109 words)... OK (1195 chars)
  Group 1493 (1 paras, ~10 words)... OK (142 chars)
  Group 1494 (2 paras, ~120 words)... OK (1740 chars)
  Group 1495 (2 paras, ~95 words)... OK (1316 chars)
  Group 1496 (2 paras, ~50 words)... OK (752 chars)
  Group 1497 (3 paras, ~144 words)... OK (2031 chars)
  Group 1498 (1 paras, ~63 words)... OK (991 chars)
  Group 1499 (1 paras, ~64 words)... OK (925 chars)
  Group 1500 (2 paras, ~139 words)... OK (1988 chars)
  Group 1501 (3 paras, ~143 words)... OK (1928 chars)
  Group 1502 (2 paras, ~107 words)... OK (1678 chars)
  Group 1503 (2 paras, ~105 words)... OK (1304 chars)
  Group 1504 (1 paras, ~94 words)... OK (1396 chars)
  Saved: ../translations/gu/src/ch15-05-interior-mutability.md

--- ch15-06-reference-cycles.md
  Group 1505 (2 paras, ~101 words)... OK (1535 chars)
  Group 1506 (2 paras, ~33 words)... OK (411 chars)
  Group 1507 (2 paras, ~147 words)... OK (1901 chars)
  Group 1508 (2 paras, ~118 words)... OK (1304 chars)
  Group 1509 (1 paras, ~18 words)... OK (252 chars)
  Group 1510 (1 paras, ~133 words)... OK (1523 chars)
  Group 1511 (3 paras, ~118 words)... OK (1556 chars)
  Group 1512 (2 paras, ~175 words)... OK (2700 chars)
  Group 1513 (2 paras, ~114 words)... OK (1568 chars)
  Group 1514 (2 paras, ~168 words)... OK (2099 chars)
  Group 1515 (1 paras, ~31 words)... OK (358 chars)
  Group 1516 (3 paras, ~42 words)... OK (574 chars)
  Group 1517 (2 paras, ~107 words)... OK (1608 chars)
  Group 1518 (1 paras, ~75 words)... OK (962 chars)
  Group 1519 (3 paras, ~131 words)... OK (1638 chars)
  Group 1520 (2 paras, ~28 words)... OK (338 chars)
  Group 1521 (1 paras, ~43 words)... OK (534 chars)
  Group 1522 (2 paras, ~67 words)... OK (896 chars)
  Group 1523 (1 paras, ~94 words)... OK (1096 chars)
  Group 1524 (1 paras, ~55 words)... OK (807 chars)
  Group 1525 (1 paras, ~32 words)... OK (370 chars)
  Group 1526 (2 paras, ~63 words)... OK (854 chars)
  Group 1527 (1 paras, ~106 words)... OK (1216 chars)
  Group 1528 (2 paras, ~103 words)... OK (1127 chars)
  Group 1529 (1 paras, ~67 words)... OK (865 chars)
  Group 1530 (2 paras, ~106 words)... OK (1571 chars)
  Group 1531 (3 paras, ~75 words)... OK (1220 chars)
  Saved: ../translations/gu/src/ch15-06-reference-cycles.md

--- ch16-00-concurrency.md
  Group 1532 (3 paras, ~225 words)... OK (3625 chars)
  Group 1533 (2 paras, ~155 words)... OK (2555 chars)
  Group 1534 (5 paras, ~65 words)... OK (1051 chars)
  Saved: ../translations/gu/src/ch16-00-concurrency.md

--- ch16-01-threads.md
  Group 1535 (3 paras, ~132 words)... OK (1893 chars)
  Group 1536 (3 paras, ~44 words)... OK (745 chars)
  Group 1537 (2 paras, ~120 words)... OK (1860 chars)
  Group 1538 (2 paras, ~58 words)... OK (787 chars)
  Group 1539 (1 paras, ~44 words)... OK (588 chars)
  Group 1540 (1 paras, ~89 words)... OK (1377 chars)
  Group 1541 (1 paras, ~38 words)... OK (489 chars)
  Group 1542 (3 paras, ~142 words)... OK (1854 chars)
  Group 1543 (1 paras, ~53 words)... OK (781 chars)
  Group 1544 (2 paras, ~45 words)... OK (633 chars)
  Group 1545 (1 paras, ~27 words)... OK (358 chars)
  Group 1546 (1 paras, ~20 words)... OK (277 chars)
  Group 1547 (3 paras, ~151 words)... OK (2236 chars)
  Group 1548 (1 paras, ~49 words)... OK (686 chars)
  Group 1549 (2 paras, ~69 words)... OK (932 chars)
  Group 1550 (2 paras, ~90 words)... OK (1177 chars)
  Group 1551 (1 paras, ~48 words)... OK (741 chars)
  Group 1552 (1 paras, ~82 words)... OK (1062 chars)
  Group 1553 (1 paras, ~107 words)... OK (1584 chars)
  Group 1554 (1 paras, ~26 words)... OK (413 chars)
  Saved: ../translations/gu/src/ch16-01-threads.md

--- ch16-02-message-passing.md
  Group 1555 (3 paras, ~82 words)... OK (1461 chars)
  Group 1556 (2 paras, ~124 words)... OK (1595 chars)
  Group 1557 (1 paras, ~93 words)... OK (1294 chars)
  Group 1558 (1 paras, ~35 words)... OK (526 chars)
  Group 1559 (1 paras, ~90 words)... OK (1360 chars)
  Group 1560 (1 paras, ~106 words)... OK (1422 chars)
  Group 1561 (1 paras, ~52 words)... OK (761 chars)
  Group 1562 (2 paras, ~122 words)... OK (1785 chars)
  Group 1563 (1 paras, ~35 words)... OK (387 chars)
  Group 1564 (2 paras, ~147 words)... OK (1952 chars)
  Group 1565 (2 paras, ~49 words)... OK (662 chars)
  Group 1566 (1 paras, ~1 words)... OK (13 chars)
  Group 1567 (2 paras, ~85 words)... OK (1322 chars)
  Group 1568 (1 paras, ~80 words)... OK (1028 chars)
  Group 1569 (1 paras, ~48 words)... OK (699 chars)
  Group 1570 (3 paras, ~63 words)... OK (902 chars)
  Group 1571 (3 paras, ~97 words)... OK (1439 chars)
  Group 1572 (1 paras, ~34 words)... OK (469 chars)
  Group 1573 (2 paras, ~54 words)... OK (782 chars)
  Group 1574 (2 paras, ~65 words)... OK (920 chars)
  Group 1575 (2 paras, ~64 words)... OK (959 chars)
  Saved: ../translations/gu/src/ch16-02-message-passing.md

--- ch16-03-shared-state.md
  Group 1576 (4 paras, ~169 words)... OK (2709 chars)
  Group 1577 (2 paras, ~90 words)... OK (1118 chars)
  Group 1578 (3 paras, ~50 words)... OK (774 chars)
  Group 1579 (1 paras, ~99 words)... OK (1467 chars)
  Group 1580 (1 paras, ~36 words)... OK (750 chars)
  Group 1581 (2 paras, ~28 words)... OK (448 chars)
  Group 1582 (2 paras, ~93 words)... OK (1814 chars)
  Group 1583 (2 paras, ~166 words)... OK (2104 chars)
  Group 1584 (1 paras, ~24 words)... OK (268 chars)
  Group 1585 (2 paras, ~69 words)... OK (1059 chars)
  Group 1586 (1 paras, ~95 words)... OK (1270 chars)
  Group 1587 (2 paras, ~59 words)... OK (789 chars)
  Group 1588 (1 paras, ~47 words)... OK (721 chars)
  Group 1589 (2 paras, ~54 words)... OK (797 chars)
  Group 1590 (1 paras, ~15 words)... OK (228 chars)
  Group 1591 (2 paras, ~174 words)... OK (2500 chars)
  Group 1592 (3 paras, ~148 words)... OK (2397 chars)
  Group 1593 (1 paras, ~43 words)... OK (559 chars)
  Group 1594 (1 paras, ~6 words)... OK (56 chars)
  Group 1595 (2 paras, ~133 words)... OK (2061 chars)
  Group 1596 (3 paras, ~200 words)... OK (2967 chars)
  Group 1597 (1 paras, ~22 words)... OK (336 chars)
  Saved: ../translations/gu/src/ch16-03-shared-state.md

--- ch16-04-extensible-concurrency-sync-and-send.md
  Group 1598 (3 paras, ~82 words)... OK (1332 chars)
  Group 1599 (2 paras, ~92 words)... OK (1302 chars)
  Group 1600 (2 paras, ~87 words)... OK (1306 chars)
  Group 1601 (3 paras, ~154 words)... OK (2144 chars)
  Group 1602 (3 paras, ~115 words)... OK (1876 chars)
  Group 1603 (3 paras, ~90 words)... OK (1460 chars)
  Group 1604 (1 paras, ~98 words)... OK (2013 chars)
  Saved: ../translations/gu/src/ch16-04-extensible-concurrency-sync-and-send.md

--- ch17-00-async-await.md
  Group 1605 (2 paras, ~151 words)... OK (2075 chars)
  Group 1606 (2 paras, ~163 words)... OK (2391 chars)
  Group 1607 (1 paras, ~139 words)... OK (1713 chars)
  Group 1608 (2 paras, ~147 words)... OK (1920 chars)
  Group 1609 (2 paras, ~122 words)... OK (1892 chars)
  Group 1610 (2 paras, ~104 words)... OK (1472 chars)
  Group 1611 (3 paras, ~48 words)... OK (673 chars)
  Group 1612 (1 paras, ~24 words)... OK (583 chars)
  Group 1613 (4 paras, ~152 words)... OK (2263 chars)
  Group 1614 (1 paras, ~41 words)... OK (543 chars)
  Group 1615 (1 paras, ~76 words)... OK (1051 chars)
  Group 1616 (2 paras, ~86 words)... OK (1208 chars)
  Group 1617 (1 paras, ~100 words)... OK (1314 chars)
  Group 1618 (2 paras, ~47 words)... OK (867 chars)
  Saved: ../translations/gu/src/ch17-00-async-await.md

--- ch17-01-futures-and-syntax.md
  Group 1619 (3 paras, ~113 words)... OK (1311 chars)
  Group 1620 (1 paras, ~89 words)... OK (1115 chars)
  Group 1621 (2 paras, ~151 words)... OK (2225 chars)
  Group 1622 (1 paras, ~63 words)... OK (883 chars)
  Group 1623 (2 paras, ~123 words)... OK (1580 chars)
  Group 1624 (2 paras, ~77 words)... OK (1512 chars)
  Group 1625 (1 paras, ~47 words)... OK (696 chars)
  Group 1626 (2 paras, ~34 words)... OK (444 chars)
  Group 1627 (1 paras, ~138 words)... OK (1831 chars)
  Group 1628 (1 paras, ~114 words)... OK (1568 chars)
  Group 1629 (2 paras, ~232 words)... OK (3037 chars)
  Group 1630 (1 paras, ~76 words)... OK (1083 chars)
  Group 1631 (2 paras, ~99 words)... OK (1457 chars)
  Group 1632 (1 paras, ~43 words)... OK (439 chars)
  Group 1633 (4 paras, ~100 words)... OK (1215 chars)
  Group 1634 (2 paras, ~63 words)... OK (789 chars)
  Group 1635 (1 paras, ~8 words)... OK (102 chars)
  Group 1636 (2 paras, ~27 words)... OK (424 chars)
  Group 1637 (2 paras, ~92 words)... OK (1173 chars)
  Group 1638 (2 paras, ~165 words)... OK (2290 chars)
  Group 1639 (1 paras, ~80 words)... OK (1185 chars)
  Group 1640 (1 paras, ~77 words)... OK (1132 chars)
  Group 1641 (1 paras, ~12 words)... OK (169 chars)
  Group 1642 (2 paras, ~118 words)... OK (1750 chars)
  Group 1643 (1 paras, ~85 words)... OK (1336 chars)
  Group 1644 (2 paras, ~116 words)... OK (1667 chars)
  Group 1645 (2 paras, ~68 words)... OK (870 chars)
  Group 1646 (2 paras, ~32 words)... OK (459 chars)
  Group 1647 (2 paras, ~108 words)... OK (1235 chars)
  Group 1648 (1 paras, ~69 words)... OK (855 chars)
  Group 1649 (2 paras, ~116 words)... OK (1378 chars)
  Group 1650 (1 paras, ~65 words)... OK (951 chars)
  Saved: ../translations/gu/src/ch17-01-futures-and-syntax.md

--- ch17-02-concurrency-with-async.md
  Group 1651 (3 paras, ~98 words)... OK (1569 chars)
  Group 1652 (2 paras, ~80 words)... OK (924 chars)
  Group 1653 (3 paras, ~114 words)... OK (1525 chars)
  Group 1654 (1 paras, ~29 words)... OK (449 chars)
  Group 1655 (1 paras, ~111 words)... OK (1458 chars)
  Group 1656 (1 paras, ~8 words)... OK (155 chars)
  Group 1657 (2 paras, ~88 words)... OK (1192 chars)
  Group 1658 (1 paras, ~113 words)... OK (1679 chars)
  Group 1659 (1 paras, ~11 words)... OK (199 chars)
  Group 1660 (1 paras, ~146 words)... OK (2190 chars)
  Group 1661 (4 paras, ~54 words)... OK (626 chars)
  Group 1662 (1 paras, ~22 words)... OK (254 chars)
  Group 1663 (2 paras, ~88 words)... OK (1428 chars)
  Group 1664 (1 paras, ~98 words)... OK (1413 chars)
  Group 1665 (2 paras, ~135 words)... OK (840 chars)
  Group 1666 (2 paras, ~62 words)... OK (1039 chars)
  Group 1667 (2 paras, ~161 words)... OK (2192 chars)
  Group 1668 (2 paras, ~142 words)... OK (1963 chars)
  Group 1669 (1 paras, ~70 words)... OK (970 chars)
  Group 1670 (3 paras, ~114 words)... OK (1299 chars)
  Group 1671 (1 paras, ~88 words)... OK (1206 chars)
  Group 1672 (1 paras, ~23 words)... OK (302 chars)
  Group 1673 (7 paras, ~93 words)... OK (1514 chars)
  Group 1674 (3 paras, ~58 words)... OK (976 chars)
  Group 1675 (1 paras, ~107 words)... OK (1600 chars)
  Group 1676 (1 paras, ~17 words)... OK (225 chars)
  Group 1677 (1 paras, ~36 words)... OK (520 chars)
  Group 1678 (2 paras, ~38 words)... OK (471 chars)
  Group 1679 (1 paras, ~88 words)... OK (1129 chars)
  Group 1680 (2 paras, ~86 words)... OK (1118 chars)
  Group 1681 (1 paras, ~30 words)... OK (482 chars)
  Group 1682 (1 paras, ~50 words)... OK (803 chars)
  Saved: ../translations/gu/src/ch17-02-concurrency-with-async.md

--- ch17-03-more-futures.md
  Group 1683 (3 paras, ~159 words)... OK (1988 chars)
  Group 1684 (1 paras, ~22 words)... OK (382 chars)
  Group 1685 (2 paras, ~56 words)... OK (870 chars)
  Group 1686 (1 paras, ~27 words)... OK (328 chars)
  Group 1687 (1 paras, ~104 words)... OK (1524 chars)
  Group 1688 (1 paras, ~57 words)... OK (728 chars)
  Group 1689 (1 paras, ~20 words)... OK (390 chars)
  Group 1690 (2 paras, ~120 words)... OK (1479 chars)
  Group 1691 (2 paras, ~174 words)... OK (2421 chars)
  Group 1692 (1 paras, ~97 words)... OK (1560 chars)
  Group 1693 (3 paras, ~64 words)... OK (945 chars)
  Group 1694 (5 paras, ~116 words)... OK (1363 chars)
  Group 1695 (1 paras, ~5 words)... OK (88 chars)
  Group 1696 (2 paras, ~67 words)... OK (875 chars)
  Group 1697 (1 paras, ~81 words)... OK (1083 chars)
  Group 1698 (2 paras, ~64 words)... OK (774 chars)
  Group 1699 (2 paras, ~80 words)... OK (1265 chars)
  Group 1700 (1 paras, ~36 words)... OK (419 chars)
  Saved: ../translations/gu/src/ch17-03-more-futures.md

--- ch17-04-streams.md
  Group 1701 (2 paras, ~142 words)... OK (2235 chars)
  Group 1702 (1 paras, ~131 words)... OK (1653 chars)
  Group 1703 (1 paras, ~46 words)... OK (979 chars)
  Group 1704 (2 paras, ~72 words)... OK (1051 chars)
  Group 1705 (2 paras, ~129 words)... OK (2660 chars)
  Group 1706 (1 paras, ~19 words)... OK (341 chars)
  Group 1707 (1 paras, ~34 words)... OK (427 chars)
  Saved: ../translations/gu/src/ch17-04-streams.md

--- ch17-05-traits-for-async.md
  Group 1708 (2 paras, ~104 words)... OK (1351 chars)
  Group 1709 (2 paras, ~21 words)... OK (276 chars)
  Group 1710 (2 paras, ~101 words)... OK (1496 chars)
  Group 1711 (2 paras, ~140 words)... OK (1682 chars)
  Group 1712 (1 paras, ~53 words)... OK (590 chars)
  Group 1713 (1 paras, ~35 words)... OK (491 chars)
  Group 1714 (2 paras, ~172 words)... OK (2490 chars)
  Group 1715 (1 paras, ~48 words)... OK (643 chars)
  Group 1716 (2 paras, ~69 words)... OK (887 chars)
  Group 1717 (2 paras, ~131 words)... OK (2378 chars)
  Group 1718 (1 paras, ~27 words)... OK (347 chars)
  Group 1719 (2 paras, ~109 words)... OK (1478 chars)
  Group 1720 (2 paras, ~96 words)... OK (1255 chars)
  Group 1721 (1 paras, ~98 words)... OK (1555 chars)
  Group 1722 (2 paras, ~48 words)... OK (605 chars)
  Group 1723 (2 paras, ~122 words)... OK (1592 chars)
  Group 1724 (2 paras, ~174 words)... OK (2212 chars)
  Group 1725 (2 paras, ~123 words)... OK (1861 chars)
  Group 1726 (1 paras, ~98 words)... OK (1437 chars)
  Group 1727 (1 paras, ~83 words)... OK (1129 chars)
  Group 1728 (1 paras, ~53 words)... OK (648 chars)
  Group 1729 (1 paras, ~96 words)... OK (1394 chars)
  Group 1730 (1 paras, ~139 words)... OK (1863 chars)
  Group 1731 (1 paras, ~72 words)... OK (1068 chars)
  Group 1732 (1 paras, ~81 words)... OK (950 chars)
  Group 1733 (2 paras, ~104 words)... OK (1338 chars)
  Group 1734 (1 paras, ~64 words)... OK (863 chars)
  Group 1735 (1 paras, ~107 words)... OK (1555 chars)
  Group 1736 (3 paras, ~121 words)... OK (1757 chars)
  Group 1737 (2 paras, ~64 words)... OK (1298 chars)
  Group 1738 (3 paras, ~151 words)... OK (1950 chars)
  Group 1739 (2 paras, ~140 words)... OK (1663 chars)
  Group 1740 (2 paras, ~119 words)... OK (1643 chars)
  Group 1741 (1 paras, ~38 words)... OK (515 chars)
  Group 1742 (2 paras, ~81 words)... OK (1574 chars)
  Group 1743 (2 paras, ~101 words)... OK (1943 chars)
  Saved: ../translations/gu/src/ch17-05-traits-for-async.md

--- ch17-06-futures-tasks-threads.md
  Group 1744 (3 paras, ~142 words)... OK (2162 chars)
  Group 1745 (2 paras, ~179 words)... OK (3082 chars)
  Group 1746 (2 paras, ~151 words)... OK (2363 chars)
  Group 1747 (3 paras, ~75 words)... OK (1102 chars)
  Group 1748 (1 paras, ~49 words)... OK (796 chars)
  Group 1749 (2 paras, ~131 words)... OK (2227 chars)
  Group 1750 (4 paras, ~110 words)... OK (1855 chars)
  Saved: ../translations/gu/src/ch17-06-futures-tasks-threads.md

--- ch18-00-oop.md
  Group 1751 (1 paras, ~3 words)... OK (77 chars)
  Group 1752 (1 paras, ~125 words)... OK (2172 chars)
  Saved: ../translations/gu/src/ch18-00-oop.md

--- ch18-01-what-is-oo.md
  Group 1753 (2 paras, ~72 words)... OK (1133 chars)
  Group 1754 (4 paras, ~122 words)... OK (2040 chars)
  Group 1755 (2 paras, ~87 words)... OK (1378 chars)
  Group 1756 (1 paras, ~105 words)... OK (1538 chars)
  Group 1757 (1 paras, ~67 words)... OK (977 chars)
  Group 1758 (2 paras, ~121 words)... OK (2281 chars)
  Group 1759 (1 paras, ~102 words)... OK (1408 chars)
  Group 1760 (1 paras, ~36 words)... OK (497 chars)
  Group 1761 (4 paras, ~106 words)... OK (1542 chars)
  Group 1762 (1 paras, ~148 words)... OK (2075 chars)
  Group 1763 (1 paras, ~51 words)... OK (726 chars)
  Group 1764 (4 paras, ~164 words)... OK (2812 chars)
  Group 1765 (1 paras, ~27 words)... OK (430 chars)
  Saved: ../translations/gu/src/ch18-01-what-is-oo.md

--- ch18-02-trait-objects.md
  Group 1766 (2 paras, ~97 words)... OK (1502 chars)
  Group 1767 (1 paras, ~126 words)... OK (1670 chars)
  Group 1768 (1 paras, ~80 words)... OK (1066 chars)
  Group 1769 (1 paras, ~103 words)... OK (1419 chars)
  Group 1770 (2 paras, ~175 words)... OK (2752 chars)
  Group 1771 (1 paras, ~95 words)... OK (1260 chars)
  Group 1772 (1 paras, ~16 words)... OK (260 chars)
  Group 1773 (1 paras, ~62 words)... OK (951 chars)
  Group 1774 (1 paras, ~27 words)... OK (325 chars)
  Group 1775 (1 paras, ~69 words)... OK (1015 chars)
  Group 1776 (2 paras, ~93 words)... OK (1528 chars)
  Group 1777 (2 paras, ~70 words)... OK (942 chars)
  Group 1778 (1 paras, ~110 words)... OK (1454 chars)
  Group 1779 (1 paras, ~37 words)... OK (557 chars)
  Group 1780 (1 paras, ~62 words)... OK (723 chars)
  Group 1781 (2 paras, ~165 words)... OK (2154 chars)
  Group 1782 (2 paras, ~89 words)... OK (1752 chars)
  Group 1783 (1 paras, ~11 words)... OK (142 chars)
  Group 1784 (1 paras, ~42 words)... OK (482 chars)
  Group 1785 (2 paras, ~110 words)... OK (1716 chars)
  Group 1786 (1 paras, ~155 words)... OK (2400 chars)
  Saved: ../translations/gu/src/ch18-02-trait-objects.md

--- ch18-03-oo-design-patterns.md
  Group 1787 (2 paras, ~84 words)... OK (1310 chars)
  Group 1788 (2 paras, ~120 words)... OK (2093 chars)
  Group 1789 (6 paras, ~91 words)... OK (2017 chars)
  Group 1790 (1 paras, ~34 words)... OK (587 chars)
  Group 1791 (2 paras, ~94 words)... OK (1447 chars)
  Group 1792 (1 paras, ~36 words)... OK (518 chars)
  Group 1793 (1 paras, ~93 words)... OK (1204 chars)
  Group 1794 (2 paras, ~154 words)... OK (2199 chars)
  Group 1795 (3 paras, ~110 words)... OK (1399 chars)
  Group 1796 (2 paras, ~145 words)... OK (1872 chars)
  Group 1797 (2 paras, ~93 words)... OK (1221 chars)
  Group 1798 (1 paras, ~82 words)... OK (1158 chars)
  Group 1799 (2 paras, ~118 words)... OK (1690 chars)
  Group 1800 (1 paras, ~16 words)... OK (235 chars)
  Group 1801 (2 paras, ~36 words)... OK (567 chars)
  Group 1802 (2 paras, ~133 words)... OK (1754 chars)
  Group 1803 (1 paras, ~88 words)... OK (1128 chars)
  Group 1804 (2 paras, ~109 words)... OK (2326 chars)
  Group 1805 (2 paras, ~83 words)... OK (1030 chars)
  Group 1806 (2 paras, ~42 words)... OK (437 chars)
  Group 1807 (2 paras, ~99 words)... OK (1363 chars)
  Group 1808 (1 paras, ~50 words)... OK (577 chars)
  Group 1809 (2 paras, ~122 words)... OK (1520 chars)
  Group 1810 (2 paras, ~151 words)... OK (2759 chars)
  Group 1811 (2 paras, ~124 words)... OK (1493 chars)
  Group 1812 (1 paras, ~39 words)...   HTTP request failed on attempt 1: error sending request for url (http://localhost:11434/api/generate)
  Retry 1/3 for chunk 1812 after 2s...
  HTTP request failed on attempt 2: error sending request for url (http://localhost:11434/api/generate)
  Retry 2/3 for chunk 1812 after 4s...
OK (522 chars)
  Group 1813 (2 paras, ~79 words)... OK (1229 chars)
  Group 1814 (3 paras, ~144 words)... OK (1811 chars)
  Group 1815 (3 paras, ~91 words)... OK (1685 chars)
  Group 1816 (2 paras, ~50 words)... OK (999 chars)
  Group 1817 (1 paras, ~80 words)... OK (968 chars)
  Group 1818 (2 paras, ~161 words)... OK (2125 chars)
  Group 1819 (1 paras, ~46 words)... OK (610 chars)
  Group 1820 (3 paras, ~78 words)... OK (1220 chars)
  Group 1821 (1 paras, ~118 words)... OK (1590 chars)
  Group 1822 (2 paras, ~104 words)... OK (1439 chars)
  Group 1823 (1 paras, ~62 words)... OK (1008 chars)
  Group 1824 (1 paras, ~79 words)... OK (1134 chars)
  Group 1825 (1 paras, ~129 words)... OK (1616 chars)
  Group 1826 (1 paras, ~93 words)... OK (1227 chars)
  Group 1827 (1 paras, ~85 words)... OK (1246 chars)
  Group 1828 (2 paras, ~130 words)... OK (2458 chars)
  Group 1829 (2 paras, ~95 words)... OK (1509 chars)
  Group 1830 (1 paras, ~33 words)... OK (494 chars)
  Saved: ../translations/gu/src/ch18-03-oo-design-patterns.md

--- ch19-00-patterns.md
  Group 1831 (7 paras, ~59 words)... OK (970 chars)
  Group 1832 (2 paras, ~119 words)... OK (1823 chars)
  Group 1833 (1 paras, ~57 words)... OK (819 chars)
  Saved: ../translations/gu/src/ch19-00-patterns.md

--- ch19-01-all-the-places-for-patterns.md
  Group 1834 (2 paras, ~37 words)... OK (466 chars)
  Group 1835 (2 paras, ~56 words)... OK (884 chars)
  Group 1836 (1 paras, ~20 words)... OK (296 chars)
  Group 1837 (2 paras, ~82 words)... OK (1215 chars)
  Group 1838 (1 paras, ~58 words)... OK (1180 chars)
  Group 1839 (2 paras, ~44 words)... OK (592 chars)
  Group 1840 (1 paras, ~28 words)... OK (382 chars)
  Group 1841 (1 paras, ~86 words)... OK (930 chars)
  Group 1842 (1 paras, ~22 words)... OK (347 chars)
  Group 1843 (2 paras, ~120 words)... OK (1405 chars)
  Group 1844 (1 paras, ~10 words)... OK (148 chars)
  Group 1845 (1 paras, ~70 words)... OK (804 chars)
  Group 1846 (3 paras, ~124 words)... OK (1420 chars)
  Group 1847 (1 paras, ~39 words)... OK (710 chars)
  Group 1848 (2 paras, ~99 words)... OK (1385 chars)
  Group 1849 (1 paras, ~100 words)... OK (1064 chars)
  Group 1850 (1 paras, ~45 words)... OK (710 chars)
  Group 1851 (2 paras, ~59 words)... OK (687 chars)
  Group 1852 (1 paras, ~97 words)... OK (1297 chars)
  Group 1853 (2 paras, ~55 words)... OK (618 chars)
  Group 1854 (1 paras, ~9 words)... OK (105 chars)
  Group 1855 (1 paras, ~62 words)... OK (785 chars)
  Group 1856 (2 paras, ~34 words)... OK (494 chars)
  Group 1857 (1 paras, ~39 words)... OK (544 chars)
  Group 1858 (3 paras, ~104 words)... OK (1385 chars)
  Saved: ../translations/gu/src/ch19-01-all-the-places-for-patterns.md

--- ch19-02-refutability.md
  Group 1859 (2 paras, ~96 words)... OK (1111 chars)
  Group 1860 (2 paras, ~138 words)... OK (2207 chars)
  Group 1861 (1 paras, ~51 words)... OK (809 chars)
  Group 1862 (1 paras, ~63 words)... OK (902 chars)
  Group 1863 (2 paras, ~82 words)... OK (1127 chars)
  Group 1864 (1 paras, ~49 words)... OK (662 chars)
  Group 1865 (1 paras, ~14 words)... OK (169 chars)
  Group 1866 (2 paras, ~81 words)... OK (1344 chars)
  Saved: ../translations/gu/src/ch19-02-refutability.md

--- ch19-03-pattern-syntax.md
  Group 1867 (2 paras, ~27 words)... OK (406 chars)
  Group 1868 (2 paras, ~21 words)... OK (363 chars)
  Group 1869 (1 paras, ~32 words)... OK (404 chars)
  Group 1870 (2 paras, ~142 words)... OK (1724 chars)
  Group 1871 (2 paras, ~134 words)... OK (1508 chars)
  Group 1872 (2 paras, ~105 words)... OK (1097 chars)
  Group 1873 (1 paras, ~52 words)... OK (555 chars)
  Group 1874 (2 paras, ~64 words)... OK (830 chars)
  Group 1875 (1 paras, ~7 words)... OK (63 chars)
  Group 1876 (2 paras, ~39 words)... OK (529 chars)
  Group 1877 (2 paras, ~121 words)... OK (1314 chars)
  Group 1878 (1 paras, ~9 words)... OK (138 chars)
  Group 1879 (1 paras, ~17 words)... OK (194 chars)
  Group 1880 (2 paras, ~28 words)... OK (504 chars)
  Group 1881 (2 paras, ~26 words)... OK (357 chars)
  Group 1882 (1 paras, ~155 words)... OK (1768 chars)
  Group 1883 (3 paras, ~121 words)... OK (1504 chars)
  Group 1884 (2 paras, ~103 words)... OK (1166 chars)
  Group 1885 (2 paras, ~77 words)... OK (663 chars)
  Group 1886 (2 paras, ~65 words)... OK (840 chars)
  Group 1887 (3 paras, ~126 words)... OK (1351 chars)
  Group 1888 (1 paras, ~52 words)... OK (902 chars)
  Group 1889 (2 paras, ~51 words)... OK (654 chars)
  Group 1890 (1 paras, ~65 words)... OK (922 chars)
  Group 1891 (2 paras, ~39 words)... OK (698 chars)
  Group 1892 (2 paras, ~48 words)... OK (683 chars)
  Group 1893 (2 paras, ~103 words)... OK (1346 chars)
  Group 1894 (2 paras, ~53 words)... OK (821 chars)
  Group 1895 (2 paras, ~107 words)... OK (1435 chars)
  Group 1896 (2 paras, ~96 words)... OK (1296 chars)
  Group 1897 (2 paras, ~99 words)... OK (1329 chars)
  Group 1898 (1 paras, ~33 words)... OK (535 chars)
  Group 1899 (1 paras, ~19 words)... OK (145 chars)
  Group 1900 (2 paras, ~107 words)... OK (1374 chars)
  Group 1901 (2 paras, ~75 words)... OK (945 chars)
  Group 1902 (1 paras, ~49 words)... OK (635 chars)
  Group 1903 (1 paras, ~15 words)... OK (247 chars)
  Group 1904 (2 paras, ~95 words)... OK (1417 chars)
  Group 1905 (2 paras, ~70 words)... OK (1283 chars)
  Group 1906 (2 paras, ~66 words)... OK (870 chars)
  Group 1907 (1 paras, ~9 words)... OK (195 chars)
  Group 1908 (1 paras, ~106 words)... OK (1177 chars)
  Group 1909 (3 paras, ~106 words)... OK (1300 chars)
  Group 1910 (2 paras, ~113 words)... OK (1265 chars)
  Group 1911 (2 paras, ~119 words)... OK (2475 chars)
  Group 1912 (1 paras, ~82 words)... OK (908 chars)
  Group 1913 (2 paras, ~129 words)... OK (1467 chars)
  Group 1914 (1 paras, ~121 words)... OK (1324 chars)
  Group 1915 (1 paras, ~3 words)... OK (32 chars)
  Group 1916 (1 paras, ~43 words)... OK (522 chars)
  Group 1917 (2 paras, ~70 words)... OK (823 chars)
  Group 1918 (2 paras, ~122 words)... OK (1451 chars)
  Group 1919 (2 paras, ~87 words)... OK (1378 chars)
  Group 1920 (3 paras, ~89 words)... OK (1361 chars)
  Saved: ../translations/gu/src/ch19-03-pattern-syntax.md

--- ch20-00-advanced-features.md
  Group 1921 (2 paras, ~98 words)... OK (1328 chars)
  Group 1922 (6 paras, ~80 words)... OK (1314 chars)
  Group 1923 (1 paras, ~13 words)... OK (182 chars)
  Saved: ../translations/gu/src/ch20-00-advanced-features.md

--- ch20-01-unsafe-rust.md
  Group 1924 (3 paras, ~159 words)... OK (2706 chars)
  Group 1925 (1 paras, ~82 words)... OK (1322 chars)
  Group 1926 (7 paras, ~75 words)... OK (1255 chars)
  Group 1927 (2 paras, ~112 words)... OK (2115 chars)
  Group 1928 (2 paras, ~144 words)... OK (2214 chars)
  Group 1929 (1 paras, ~25 words)... OK (408 chars)
  Group 1930 (2 paras, ~89 words)... OK (1265 chars)
  Group 1931 (5 paras, ~47 words)... OK (920 chars)
  Group 1932 (2 paras, ~48 words)... OK (706 chars)
  Group 1933 (2 paras, ~94 words)... OK (1441 chars)
  Group 1934 (1 paras, ~114 words)... OK (1730 chars)
  Group 1935 (1 paras, ~41 words)... OK (693 chars)
  Group 1936 (2 paras, ~127 words)... OK (1967 chars)
  Group 1937 (1 paras, ~61 words)... OK (885 chars)
  Group 1938 (2 paras, ~99 words)... OK (1513 chars)
  Group 1939 (1 paras, ~14 words)... OK (192 chars)
  Group 1940 (1 paras, ~25 words)... OK (317 chars)
  Group 1941 (2 paras, ~88 words)... OK (1198 chars)
  Group 1942 (2 paras, ~97 words)... OK (1586 chars)
  Group 1943 (1 paras, ~47 words)... OK (657 chars)
  Group 1944 (2 paras, ~97 words)... OK (1285 chars)
  Group 1945 (1 paras, ~14 words)... OK (223 chars)
  Group 1946 (2 paras, ~88 words)... OK (1291 chars)
  Group 1947 (2 paras, ~172 words)... OK (2337 chars)
  Group 1948 (1 paras, ~115 words)... OK (1983 chars)
  Group 1949 (2 paras, ~91 words)... OK (1208 chars)
  Group 1950 (1 paras, ~38 words)... OK (550 chars)
  Group 1951 (3 paras, ~129 words)... OK (1940 chars)
  Group 1952 (2 paras, ~168 words)... OK (2281 chars)
  Group 1953 (1 paras, ~38 words)... OK (490 chars)
  Group 1954 (2 paras, ~165 words)... OK (2434 chars)
  Group 1955 (1 paras, ~24 words)... OK (391 chars)
  Group 1956 (1 paras, ~15 words)... OK (191 chars)
  Group 1957 (3 paras, ~73 words)... OK (1067 chars)
  Group 1958 (2 paras, ~141 words)... OK (2269 chars)
  Group 1959 (1 paras, ~91 words)... OK (1655 chars)
  Group 1960 (2 paras, ~151 words)... OK (2542 chars)
  Group 1961 (1 paras, ~60 words)... OK (1016 chars)
  Group 1962 (2 paras, ~61 words)... OK (921 chars)
  Group 1963 (2 paras, ~138 words)... OK (1964 chars)
  Group 1964 (2 paras, ~84 words)... OK (1187 chars)
  Group 1965 (2 paras, ~93 words)... OK (1288 chars)
  Group 1966 (1 paras, ~92 words)... OK (1199 chars)
  Group 1967 (1 paras, ~19 words)... OK (224 chars)
  Group 1968 (1 paras, ~87 words)... OK (1346 chars)
  Group 1969 (2 paras, ~119 words)... OK (1651 chars)
  Group 1970 (1 paras, ~11 words)... OK (152 chars)
  Group 1971 (2 paras, ~94 words)... OK (1481 chars)
  Group 1972 (1 paras, ~23 words)... OK (286 chars)
  Saved: ../translations/gu/src/ch20-01-unsafe-rust.md

--- ch20-02-advanced-traits.md
  Group 1973 (2 paras, ~38 words)... OK (676 chars)
  Group 1974 (3 paras, ~122 words)... OK (1873 chars)
  Group 1975 (1 paras, ~54 words)... OK (512 chars)
  Group 1976 (2 paras, ~106 words)... OK (1432 chars)
  Group 1977 (1 paras, ~23 words)... OK (387 chars)
  Group 1978 (1 paras, ~97 words)... OK (590 chars)
  Group 1979 (2 paras, ~125 words)... OK (1746 chars)
  Group 1980 (3 paras, ~89 words)... OK (1363 chars)
  Group 1981 (1 paras, ~61 words)... OK (858 chars)
  Group 1982 (2 paras, ~59 words)... OK (687 chars)
  Group 1983 (1 paras, ~82 words)... OK (880 chars)
  Group 1984 (2 paras, ~128 words)... OK (1897 chars)
  Group 1985 (4 paras, ~54 words)... OK (884 chars)
  Group 1986 (2 paras, ~113 words)... OK (2261 chars)
  Group 1987 (3 paras, ~120 words)... OK (1466 chars)
  Group 1988 (1 paras, ~29 words)... OK (428 chars)
  Group 1989 (2 paras, ~53 words)... OK (791 chars)
  Group 1990 (2 paras, ~57 words)... OK (1001 chars)
  Group 1991 (2 paras, ~133 words)... OK (1853 chars)
  Group 1992 (2 paras, ~85 words)... OK (1119 chars)
  Group 1993 (1 paras, ~69 words)... OK (783 chars)
  Group 1994 (1 paras, ~33 words)... OK (449 chars)
  Group 1995 (1 paras, ~43 words)... OK (579 chars)
  Group 1996 (1 paras, ~53 words)... OK (646 chars)
  Group 1997 (1 paras, ~9 words)... OK (207 chars)
  Group 1998 (1 paras, ~89 words)... OK (1894 chars)
  Group 1999 (3 paras, ~139 words)... OK (2050 chars)
  Group 2000 (1 paras, ~74 words)... OK (1024 chars)
  Group 2001 (2 paras, ~88 words)... OK (1567 chars)
  Group 2002 (1 paras, ~12 words)... OK (169 chars)
  Group 2003 (1 paras, ~17 words)... OK (248 chars)
  Group 2004 (1 paras, ~27 words)... OK (416 chars)
  Group 2005 (2 paras, ~158 words)... OK (2315 chars)
  Group 2006 (1 paras, ~65 words)... OK (953 chars)
  Group 2007 (2 paras, ~180 words)... OK (2190 chars)
  Group 2008 (1 paras, ~27 words)... OK (467 chars)
  Saved: ../translations/gu/src/ch20-02-advanced-traits.md

--- ch20-03-advanced-types.md
  Group 2009 (2 paras, ~61 words)... OK (1022 chars)
  Group 2010 (2 paras, ~117 words)... OK (1589 chars)
  Group 2011 (2 paras, ~131 words)... OK (1862 chars)
  Group 2012 (2 paras, ~40 words)... OK (548 chars)
  Group 2013 (1 paras, ~45 words)... OK (515 chars)
  Group 2014 (2 paras, ~86 words)... OK (1304 chars)
  Group 2015 (1 paras, ~32 words)... OK (493 chars)
  Group 2016 (1 paras, ~39 words)... OK (599 chars)
  Group 2017 (2 paras, ~123 words)... OK (1684 chars)
  Group 2018 (1 paras, ~15 words)... OK (165 chars)
  Group 2019 (1 paras, ~40 words)... OK (509 chars)
  Group 2020 (1 paras, ~58 words)... OK (746 chars)
  Group 2021 (2 paras, ~56 words)... OK (747 chars)
  Group 2022 (2 paras, ~67 words)... OK (1043 chars)
  Group 2023 (1 paras, ~40 words)... OK (515 chars)
  Group 2024 (2 paras, ~109 words)... OK (1616 chars)
  Group 2025 (2 paras, ~89 words)... OK (1230 chars)
  Group 2026 (2 paras, ~82 words)... OK (907 chars)
  Group 2027 (1 paras, ~36 words)... OK (421 chars)
  Group 2028 (3 paras, ~159 words)... OK (2119 chars)
  Group 2029 (1 paras, ~81 words)... OK (898 chars)
  Group 2030 (1 paras, ~185 words)... OK (2302 chars)
  Group 2031 (1 paras, ~90 words)... OK (1198 chars)
  Group 2032 (1 paras, ~57 words)... OK (804 chars)
  Group 2033 (1 paras, ~9 words)... OK (131 chars)
  Group 2034 (1 paras, ~29 words)... OK (451 chars)
  Group 2035 (2 paras, ~89 words)... OK (1183 chars)
  Group 2036 (1 paras, ~7 words)... OK (114 chars)
  Saved: ../translations/gu/src/ch20-03-advanced-types.md

--- ch20-04-advanced-functions-and-closures.md
  Group 2037 (2 paras, ~21 words)... OK (437 chars)
  Group 2038 (2 paras, ~84 words)... OK (1272 chars)
  Group 2039 (1 paras, ~93 words)... OK (1707 chars)
  Group 2040 (2 paras, ~95 words)... OK (1074 chars)
  Group 2041 (2 paras, ~98 words)... OK (1413 chars)
  Group 2042 (1 paras, ~60 words)... OK (869 chars)
  Group 2043 (1 paras, ~23 words)... OK (318 chars)
  Group 2044 (3 paras, ~109 words)... OK (1711 chars)
  Group 2045 (1 paras, ~51 words)... OK (796 chars)
  Group 2046 (2 paras, ~85 words)... OK (1333 chars)
  Group 2047 (1 paras, ~40 words)... OK (555 chars)
  Group 2048 (1 paras, ~62 words)... OK (949 chars)
  Group 2049 (1 paras, ~47 words)... OK (596 chars)
  Group 2050 (1 paras, ~130 words)... OK (2449 chars)
  Group 2051 (2 paras, ~31 words)... OK (463 chars)
  Saved: ../translations/gu/src/ch20-04-advanced-functions-and-closures.md

--- ch20-05-macros.md
  Group 2052 (5 paras, ~84 words)... OK (1469 chars)
  Group 2053 (1 paras, ~23 words)... OK (341 chars)
  Group 2054 (3 paras, ~101 words)... OK (1337 chars)
  Group 2055 (1 paras, ~85 words)... OK (1261 chars)
  Group 2056 (2 paras, ~83 words)... OK (1925 chars)
  Group 2057 (2 paras, ~145 words)... OK (2199 chars)
  Group 2058 (1 paras, ~54 words)... OK (988 chars)
  Group 2059 (2 paras, ~56 words)... OK (731 chars)
  Group 2060 (3 paras, ~111 words)... OK (1555 chars)
  Group 2061 (1 paras, ~88 words)... OK (1006 chars)
  Group 2062 (2 paras, ~145 words)... OK (2259 chars)
  Group 2063 (3 paras, ~141 words)... OK (1648 chars)
  Group 2064 (2 paras, ~58 words)... OK (921 chars)
  Group 2065 (2 paras, ~83 words)... OK (1196 chars)
  Group 2066 (1 paras, ~53 words)... OK (978 chars)
  Group 2067 (1 paras, ~103 words)... OK (1546 chars)
  Group 2068 (1 paras, ~28 words)... OK (382 chars)
  Group 2069 (2 paras, ~105 words)... OK (1612 chars)
  Group 2070 (1 paras, ~25 words)... OK (290 chars)
  Group 2071 (1 paras, ~13 words)... OK (209 chars)
  Group 2072 (1 paras, ~26 words)... OK (407 chars)
  Group 2073 (3 paras, ~147 words)... OK (1877 chars)
  Group 2074 (1 paras, ~111 words)... OK (1673 chars)
  Group 2075 (1 paras, ~46 words)... OK (649 chars)
  Group 2076 (1 paras, ~35 words)... OK (556 chars)
  Group 2077 (1 paras, ~88 words)... OK (1482 chars)
  Group 2078 (2 paras, ~109 words)... OK (1581 chars)
  Group 2079 (2 paras, ~114 words)... OK (1824 chars)
  Group 2080 (2 paras, ~119 words)... OK (2389 chars)
  Group 2081 (2 paras, ~115 words)... OK (1563 chars)
  Group 2082 (1 paras, ~81 words)... OK (1068 chars)
  Group 2083 (2 paras, ~111 words)... OK (700 chars)
  Group 2084 (2 paras, ~156 words)... OK (2051 chars)
  Group 2085 (1 paras, ~89 words)... OK (1242 chars)
  Group 2086 (2 paras, ~65 words)... OK (821 chars)
  Group 2087 (2 paras, ~73 words)... OK (983 chars)
  Group 2088 (1 paras, ~24 words)... OK (353 chars)
  Group 2089 (2 paras, ~80 words)... OK (953 chars)
  Group 2090 (2 paras, ~92 words)... OK (1585 chars)
  Group 2091 (1 paras, ~35 words)... OK (505 chars)
  Group 2092 (1 paras, ~27 words)... OK (370 chars)
  Group 2093 (3 paras, ~82 words)... OK (1193 chars)
  Saved: ../translations/gu/src/ch20-05-macros.md

--- ch21-00-final-project-a-web-server.md
  Group 2094 (5 paras, ~85 words)... OK (1078 chars)
  Group 2095 (4 paras, ~29 words)... OK (552 chars)
  Group 2096 (2 paras, ~108 words)... OK (1556 chars)
  Group 2097 (2 paras, ~100 words)... OK (1312 chars)
  Saved: ../translations/gu/src/ch21-00-final-project-a-web-server.md

--- ch21-01-single-threaded.md
  Group 2098 (3 paras, ~109 words)... OK (1616 chars)
  Group 2099 (1 paras, ~75 words)... OK (1056 chars)
  Group 2100 (2 paras, ~44 words)... OK (620 chars)
  Group 2101 (1 paras, ~36 words)... OK (439 chars)
  Group 2102 (1 paras, ~89 words)... OK (1243 chars)
  Group 2103 (2 paras, ~109 words)... OK (1576 chars)
  Group 2104 (1 paras, ~114 words)... OK (1572 chars)
  Group 2105 (1 paras, ~128 words)... OK (1788 chars)
  Group 2106 (1 paras, ~60 words)... OK (843 chars)
  Group 2107 (2 paras, ~105 words)... OK (1687 chars)
  Group 2108 (2 paras, ~84 words)... OK (1779 chars)
  Group 2109 (1 paras, ~46 words)... OK (602 chars)
  Group 2110 (2 paras, ~74 words)... OK (968 chars)
  Group 2111 (2 paras, ~88 words)... OK (1466 chars)
  Group 2112 (2 paras, ~125 words)... OK (1690 chars)
  Group 2113 (2 paras, ~112 words)... OK (1437 chars)
  Group 2114 (2 paras, ~87 words)... OK (1369 chars)
  Group 2115 (2 paras, ~18 words)... OK (269 chars)
  Group 2116 (2 paras, ~126 words)... OK (2085 chars)
  Group 2117 (1 paras, ~90 words)... OK (974 chars)
  Group 2118 (4 paras, ~89 words)... OK (1682 chars)
  Group 2119 (2 paras, ~20 words)... OK (316 chars)
  Group 2120 (2 paras, ~82 words)... OK (997 chars)
  Group 2121 (1 paras, ~52 words)... OK (623 chars)
  Group 2122 (2 paras, ~131 words)... OK (1884 chars)
  Group 2123 (2 paras, ~43 words)... OK (599 chars)
  Group 2124 (1 paras, ~47 words)... OK (677 chars)
  Group 2125 (2 paras, ~93 words)... OK (1267 chars)
  Group 2126 (2 paras, ~96 words)... OK (1560 chars)
  Group 2127 (2 paras, ~94 words)... OK (1423 chars)
  Group 2128 (2 paras, ~110 words)... OK (1867 chars)
  Group 2129 (2 paras, ~81 words)... OK (980 chars)
  Group 2130 (1 paras, ~52 words)... OK (669 chars)
  Group 2131 (1 paras, ~63 words)... OK (679 chars)
  Group 2132 (1 paras, ~31 words)... OK (434 chars)
  Group 2133 (2 paras, ~101 words)... OK (1256 chars)
  Group 2134 (2 paras, ~118 words)... OK (1483 chars)
  Group 2135 (2 paras, ~80 words)... OK (1222 chars)
  Saved: ../translations/gu/src/ch21-01-single-threaded.md

--- ch21-02-multithreaded.md
  Group 2136 (2 paras, ~96 words)... OK (1329 chars)
  Group 2137 (2 paras, ~47 words)... OK (835 chars)
  Group 2138 (2 paras, ~94 words)... OK (1196 chars)
  Group 2139 (2 paras, ~86 words)... OK (1093 chars)
  Group 2140 (1 paras, ~32 words)... OK (518 chars)
  Group 2141 (2 paras, ~110 words)... OK (1598 chars)
  Group 2142 (2 paras, ~176 words)... OK (2271 chars)
  Group 2143 (2 paras, ~135 words)... OK (1817 chars)
  Group 2144 (1 paras, ~68 words)... OK (1058 chars)
  Group 2145 (3 paras, ~96 words)... OK (1232 chars)
  Group 2146 (2 paras, ~121 words)... OK (2316 chars)
  Group 2147 (2 paras, ~56 words)... OK (720 chars)
  Group 2148 (1 paras, ~87 words)... OK (1202 chars)
  Group 2149 (2 paras, ~35 words)... OK (522 chars)
  Group 2150 (1 paras, ~85 words)... OK (1319 chars)
  Group 2151 (1 paras, ~23 words)... OK (328 chars)
  Group 2152 (1 paras, ~25 words)... OK (294 chars)
  Group 2153 (1 paras, ~20 words)... OK (268 chars)
  Group 2154 (1 paras, ~51 words)... OK (672 chars)
  Group 2155 (2 paras, ~63 words)... OK (796 chars)
  Group 2156 (2 paras, ~155 words)... OK (2027 chars)
  Group 2157 (1 paras, ~98 words)... OK (1201 chars)
  Group 2158 (1 paras, ~67 words)... OK (920 chars)
  Group 2159 (2 paras, ~75 words)... OK (988 chars)
  Group 2160 (2 paras, ~113 words)... OK (1603 chars)
  Group 2161 (1 paras, ~18 words)... OK (231 chars)
  Group 2162 (2 paras, ~116 words)... OK (1560 chars)
  Group 2163 (2 paras, ~132 words)... OK (2259 chars)
  Group 2164 (2 paras, ~57 words)... OK (786 chars)
  Group 2165 (2 paras, ~110 words)... OK (1522 chars)
  Group 2166 (2 paras, ~94 words)... OK (1310 chars)
  Group 2167 (1 paras, ~9 words)... OK (145 chars)
  Group 2168 (2 paras, ~101 words)... OK (1364 chars)
  Group 2169 (2 paras, ~84 words)... OK (1069 chars)
  Group 2170 (2 paras, ~112 words)... OK (1385 chars)
  Group 2171 (4 paras, ~75 words)... OK (878 chars)
  Group 2172 (2 paras, ~34 words)... OK (516 chars)
  Group 2173 (2 paras, ~109 words)... OK (1595 chars)
  Group 2174 (2 paras, ~104 words)... OK (1336 chars)
  Group 2175 (3 paras, ~87 words)... OK (1169 chars)
  Group 2176 (4 paras, ~95 words)... OK (1395 chars)
  Group 2177 (2 paras, ~33 words)... OK (450 chars)
  Group 2178 (1 paras, ~41 words)... OK (596 chars)
  Group 2179 (2 paras, ~71 words)... OK (973 chars)
  Group 2180 (2 paras, ~33 words)... OK (475 chars)
  Group 2181 (2 paras, ~116 words)... OK (1812 chars)
  Group 2182 (1 paras, ~66 words)... OK (1062 chars)
  Group 2183 (2 paras, ~48 words)... OK (573 chars)
  Group 2184 (2 paras, ~67 words)... OK (926 chars)
  Group 2185 (1 paras, ~98 words)... OK (574 chars)
  Group 2186 (1 paras, ~62 words)... OK (774 chars)
  Group 2187 (1 paras, ~86 words)... OK (1083 chars)
  Group 2188 (2 paras, ~92 words)... OK (1119 chars)
  Group 2189 (1 paras, ~18 words)... OK (212 chars)
  Group 2190 (2 paras, ~99 words)... OK (1392 chars)
  Group 2191 (2 paras, ~89 words)... OK (1024 chars)
  Group 2192 (1 paras, ~112 words)... OK (1533 chars)
  Group 2193 (1 paras, ~83 words)... OK (963 chars)
  Saved: ../translations/gu/src/ch21-02-multithreaded.md

--- ch21-03-graceful-shutdown-and-cleanup.md
  Group 2194 (2 paras, ~86 words)... OK (1040 chars)
  Group 2195 (2 paras, ~109 words)... OK (2306 chars)
  Group 2196 (2 paras, ~48 words)... OK (727 chars)
  Group 2197 (2 paras, ~90 words)... OK (1208 chars)
  Group 2198 (1 paras, ~139 words)... OK (1688 chars)
  Group 2199 (2 paras, ~117 words)... OK (1703 chars)
  Group 2200 (1 paras, ~11 words)... OK (142 chars)
  Group 2201 (1 paras, ~59 words)... OK (931 chars)
  Group 2202 (2 paras, ~102 words)... OK (1356 chars)
  Group 2203 (2 paras, ~76 words)... OK (1018 chars)
  Group 2204 (1 paras, ~65 words)... OK (986 chars)
  Group 2205 (1 paras, ~25 words)... OK (385 chars)
  Group 2206 (3 paras, ~94 words)... OK (1179 chars)
  Group 2207 (1 paras, ~95 words)... OK (1377 chars)
  Group 2208 (1 paras, ~93 words)... OK (1298 chars)
  Group 2209 (2 paras, ~45 words)... OK (576 chars)
  Group 2210 (6 paras, ~81 words)... OK (1327 chars)
  Group 2211 (2 paras, ~67 words)... OK (928 chars)
  Saved: ../translations/gu/src/ch21-03-graceful-shutdown-and-cleanup.md

--- foreword.md
  Group 2212 (2 paras, ~88 words)... OK (1247 chars)
  Group 2213 (1 paras, ~97 words)... OK (1389 chars)
  Group 2214 (1 paras, ~92 words)... OK (1434 chars)
  Group 2215 (2 paras, ~155 words)... OK (2393 chars)
  Group 2216 (2 paras, ~13 words)... OK (207 chars)
  Saved: ../translations/gu/src/foreword.md

--- title-page.md
  Group 2217 (4 paras, ~98 words)... OK (1321 chars)
  Group 2218 (3 paras, ~44 words)... OK (624 chars)
  Saved: ../translations/gu/src/title-page.md

=== Done ===
Files:  112
Groups: 2218
Tip: --build-epub to generate .epub
